RMC,T,t,FPM,ph-M,E-M,BET,ph-S,CEC,TOC,E-S,E,V,LR
A,300 ,0.5 ,MC,8.75 ,1.95 ,3.93 ,7.56 ,54.16 ,18.00 ,0.87 ,N,150 ,5.6201 
A,300 ,0.5 ,MC,8.75 ,1.95 ,3.93 ,7.56 ,54.16 ,18.00 ,0.87 ,N,250 ,7.7577 
A,300 ,0.5 ,MC,8.75 ,1.95 ,3.93 ,7.56 ,54.16 ,18.00 ,0.87 ,N,350 ,9.7780 
A,300 ,0.5 ,MC,8.75 ,1.95 ,3.93 ,7.56 ,54.16 ,18.00 ,0.87 ,N,450 ,11.8584 
A,300 ,0.5 ,MC,8.75 ,1.95 ,3.93 ,7.56 ,54.16 ,18.00 ,0.87 ,N,550 ,13.3438 
A,300 ,0.5 ,MC,8.75 ,1.95 ,3.93 ,7.56 ,54.16 ,18.00 ,0.87 ,N,650 ,14.9324 
A,300 ,0.5 ,MC,8.75 ,1.95 ,3.93 ,7.56 ,54.16 ,18.00 ,0.87 ,N,750 ,16.3420 
A,300 ,0.5 ,MC,8.75 ,1.95 ,3.93 ,7.56 ,54.16 ,18.00 ,0.87 ,N,150 ,3.9203 
A,300 ,0.5 ,MC,8.75 ,1.95 ,3.93 ,7.56 ,54.16 ,18.00 ,0.87 ,N,250 ,5.9196 
A,300 ,0.5 ,MC,8.75 ,1.95 ,3.93 ,7.56 ,54.16 ,18.00 ,0.87 ,N,350 ,7.8991 
A,300 ,0.5 ,MC,8.75 ,1.95 ,3.93 ,7.56 ,54.16 ,18.00 ,0.87 ,N,450 ,9.1946 
A,300 ,0.5 ,MC,8.75 ,1.95 ,3.93 ,7.56 ,54.16 ,18.00 ,0.87 ,N,550 ,10.1209 
A,300 ,0.5 ,MC,8.75 ,1.95 ,3.93 ,7.56 ,54.16 ,18.00 ,0.87 ,N,650 ,10.5294 
A,300 ,0.5 ,MC,8.75 ,1.95 ,3.93 ,7.56 ,54.16 ,18.00 ,0.87 ,N,750 ,11.8130 
A,300 ,0.5 ,MC,8.75 ,1.95 ,3.93 ,7.56 ,54.16 ,18.00 ,0.87 ,N,150 ,5.4221 
A,300 ,0.5 ,MC,8.75 ,1.95 ,3.93 ,7.56 ,54.16 ,18.00 ,0.87 ,N,250 ,7.8275 
A,300 ,0.5 ,MC,8.75 ,1.95 ,3.93 ,7.56 ,54.16 ,18.00 ,0.87 ,N,350 ,9.3662 
A,300 ,0.5 ,MC,8.75 ,1.95 ,3.93 ,7.56 ,54.16 ,18.00 ,0.87 ,N,450 ,11.3711 
A,300 ,0.5 ,MC,8.75 ,1.95 ,3.93 ,7.56 ,54.16 ,18.00 ,0.87 ,N,550 ,12.1702 
A,300 ,0.5 ,MC,8.75 ,1.95 ,3.93 ,7.56 ,54.16 ,18.00 ,0.87 ,N,650 ,14.0736 
A,300 ,0.5 ,MC,8.75 ,1.95 ,3.93 ,7.56 ,54.16 ,18.00 ,0.87 ,N,750 ,15.2762 
A,300 ,0.5 ,MC,8.75 ,1.95 ,3.93 ,7.56 ,54.16 ,18.00 ,0.87 ,N,150 ,7.3191 
A,300 ,0.5 ,MC,8.75 ,1.95 ,3.93 ,7.56 ,54.16 ,18.00 ,0.87 ,N,250 ,9.7368 
A,300 ,0.5 ,MC,8.75 ,1.95 ,3.93 ,7.56 ,54.16 ,18.00 ,0.87 ,N,350 ,11.6569 
A,300 ,0.5 ,MC,8.75 ,1.95 ,3.93 ,7.56 ,54.16 ,18.00 ,0.87 ,N,450 ,15.3519 
A,300 ,0.5 ,MC,8.75 ,1.95 ,3.93 ,7.56 ,54.16 ,18.00 ,0.87 ,N,550 ,17.8808 
A,300 ,0.5 ,MC,8.75 ,1.95 ,3.93 ,7.56 ,54.16 ,18.00 ,0.87 ,N,650 ,20.2376 
A,300 ,0.5 ,MC,8.75 ,1.95 ,3.93 ,7.56 ,54.16 ,18.00 ,0.87 ,N,750 ,21.0025 
H,600 ,0.5 ,MC,9.74 ,0.61 ,6.07 ,7.56 ,54.16 ,18.00 ,0.87 ,N,150 ,5.6201 
H,600 ,0.5 ,MC,9.74 ,0.61 ,6.07 ,7.56 ,54.16 ,18.00 ,0.87 ,N,250 ,7.7577 
H,600 ,0.5 ,MC,9.74 ,0.61 ,6.07 ,7.56 ,54.16 ,18.00 ,0.87 ,N,350 ,9.7780 
H,600 ,0.5 ,MC,9.74 ,0.61 ,6.07 ,7.56 ,54.16 ,18.00 ,0.87 ,N,450 ,11.8584 
H,600 ,0.5 ,MC,9.74 ,0.61 ,6.07 ,7.56 ,54.16 ,18.00 ,0.87 ,N,550 ,13.3438 
H,600 ,0.5 ,MC,9.74 ,0.61 ,6.07 ,7.56 ,54.16 ,18.00 ,0.87 ,N,650 ,14.9324 
H,600 ,0.5 ,MC,9.74 ,0.61 ,6.07 ,7.56 ,54.16 ,18.00 ,0.87 ,N,750 ,16.3420 
H,600 ,0.5 ,MC,9.74 ,0.61 ,6.07 ,7.56 ,54.16 ,18.00 ,0.87 ,N,150 ,5.1559 
H,600 ,0.5 ,MC,9.74 ,0.61 ,6.07 ,7.56 ,54.16 ,18.00 ,0.87 ,N,250 ,6.6743 
H,600 ,0.5 ,MC,9.74 ,0.61 ,6.07 ,7.56 ,54.16 ,18.00 ,0.87 ,N,350 ,8.1812 
H,600 ,0.5 ,MC,9.74 ,0.61 ,6.07 ,7.56 ,54.16 ,18.00 ,0.87 ,N,450 ,9.5754 
H,600 ,0.5 ,MC,9.74 ,0.61 ,6.07 ,7.56 ,54.16 ,18.00 ,0.87 ,N,550 ,10.8458 
H,600 ,0.5 ,MC,9.74 ,0.61 ,6.07 ,7.56 ,54.16 ,18.00 ,0.87 ,N,650 ,11.5406 
H,600 ,0.5 ,MC,9.74 ,0.61 ,6.07 ,7.56 ,54.16 ,18.00 ,0.87 ,N,750 ,13.2635 
H,600 ,0.5 ,MC,9.74 ,0.61 ,6.07 ,7.56 ,54.16 ,18.00 ,0.87 ,N,150 ,4.2487 
H,600 ,0.5 ,MC,9.74 ,0.61 ,6.07 ,7.56 ,54.16 ,18.00 ,0.87 ,N,250 ,5.5039 
H,600 ,0.5 ,MC,9.74 ,0.61 ,6.07 ,7.56 ,54.16 ,18.00 ,0.87 ,N,350 ,6.6734 
H,600 ,0.5 ,MC,9.74 ,0.61 ,6.07 ,7.56 ,54.16 ,18.00 ,0.87 ,N,450 ,8.0546 
H,600 ,0.5 ,MC,9.74 ,0.61 ,6.07 ,7.56 ,54.16 ,18.00 ,0.87 ,N,550 ,9.0104 
H,600 ,0.5 ,MC,9.74 ,0.61 ,6.07 ,7.56 ,54.16 ,18.00 ,0.87 ,N,650 ,10.4191 
H,600 ,0.5 ,MC,9.74 ,0.61 ,6.07 ,7.56 ,54.16 ,18.00 ,0.87 ,N,750 ,12.7017 
H,600 ,0.5 ,MC,9.74 ,0.61 ,6.07 ,7.56 ,54.16 ,18.00 ,0.87 ,N,150 ,5.6156 
H,600 ,0.5 ,MC,9.74 ,0.61 ,6.07 ,7.56 ,54.16 ,18.00 ,0.87 ,N,250 ,7.2397 
H,600 ,0.5 ,MC,9.74 ,0.61 ,6.07 ,7.56 ,54.16 ,18.00 ,0.87 ,N,350 ,8.2920 
H,600 ,0.5 ,MC,9.74 ,0.61 ,6.07 ,7.56 ,54.16 ,18.00 ,0.87 ,N,450 ,10.4335 
H,600 ,0.5 ,MC,9.74 ,0.61 ,6.07 ,7.56 ,54.16 ,18.00 ,0.87 ,N,550 ,13.0030 
H,600 ,0.5 ,MC,9.74 ,0.61 ,6.07 ,7.56 ,54.16 ,18.00 ,0.87 ,N,650 ,15.4155 
H,600 ,0.5 ,MC,9.74 ,0.61 ,6.07 ,7.56 ,54.16 ,18.00 ,0.87 ,N,750 ,16.2684 
A,600 ,1.0 ,MC,6.61 ,100.00 ,150.00 ,5.93 ,20.00 ,9.80 ,0.09 ,N,80 ,7.9170 
A,600 ,1.0 ,MC,6.61 ,100.00 ,150.00 ,5.93 ,20.00 ,9.80 ,0.09 ,N,160 ,8.4467 
A,600 ,1.0 ,MC,6.61 ,100.00 ,150.00 ,5.93 ,20.00 ,9.80 ,0.09 ,N,240 ,9.2773 
A,600 ,1.0 ,MC,6.61 ,100.00 ,150.00 ,5.93 ,20.00 ,9.80 ,0.09 ,N,320 ,10.3606 
A,600 ,1.0 ,MC,6.61 ,100.00 ,150.00 ,5.93 ,20.00 ,9.80 ,0.09 ,N,400 ,11.5161 
A,600 ,1.0 ,MC,6.61 ,100.00 ,150.00 ,5.93 ,20.00 ,9.80 ,0.09 ,N,480 ,12.5874 
A,600 ,1.0 ,MC,6.61 ,100.00 ,150.00 ,5.93 ,20.00 ,9.80 ,0.09 ,N,560 ,13.9717 
A,600 ,1.0 ,MC,6.61 ,100.00 ,150.00 ,5.93 ,20.00 ,9.80 ,0.09 ,N,640 ,16.2467 
A,600 ,1.0 ,MC,6.61 ,100.00 ,150.00 ,5.93 ,20.00 ,9.80 ,0.09 ,N,720 ,18.4856 
A,600 ,1.0 ,MC,6.61 ,100.00 ,150.00 ,5.93 ,20.00 ,9.80 ,0.09 ,N,800 ,20.7003 
A,600 ,1.0 ,MC,6.61 ,100.00 ,150.00 ,5.93 ,20.00 ,9.80 ,0.09 ,N,880 ,23.3485 
H,600 ,1.0 ,MC,6.32 ,100.00 ,150.00 ,5.93 ,20.00 ,9.80 ,0.09 ,N,80 ,7.3993 
H,600 ,1.0 ,MC,6.32 ,100.00 ,150.00 ,5.93 ,20.00 ,9.80 ,0.09 ,N,160 ,7.7965 
H,600 ,1.0 ,MC,6.32 ,100.00 ,150.00 ,5.93 ,20.00 ,9.80 ,0.09 ,N,240 ,8.5909 
H,600 ,1.0 ,MC,6.32 ,100.00 ,150.00 ,5.93 ,20.00 ,9.80 ,0.09 ,N,320 ,9.4937 
H,600 ,1.0 ,MC,6.32 ,100.00 ,150.00 ,5.93 ,20.00 ,9.80 ,0.09 ,N,400 ,10.6252 
H,600 ,1.0 ,MC,6.32 ,100.00 ,150.00 ,5.93 ,20.00 ,9.80 ,0.09 ,N,480 ,11.5881 
H,600 ,1.0 ,MC,6.32 ,100.00 ,150.00 ,5.93 ,20.00 ,9.80 ,0.09 ,N,560 ,12.7437 
H,600 ,1.0 ,MC,6.32 ,100.00 ,150.00 ,5.93 ,20.00 ,9.80 ,0.09 ,N,640 ,14.7297 
H,600 ,1.0 ,MC,6.32 ,100.00 ,150.00 ,5.93 ,20.00 ,9.80 ,0.09 ,N,720 ,16.6074 
H,600 ,1.0 ,MC,6.32 ,100.00 ,150.00 ,5.93 ,20.00 ,9.80 ,0.09 ,N,800 ,18.4129 
H,600 ,1.0 ,MC,6.32 ,100.00 ,150.00 ,5.93 ,20.00 ,9.80 ,0.09 ,N,880 ,20.8444 
F,600 ,1.0 ,MC,5.94 ,100.00 ,250.00 ,5.93 ,20.00 ,9.80 ,0.09 ,N,80 ,7.6642 
F,600 ,1.0 ,MC,5.94 ,100.00 ,250.00 ,5.93 ,20.00 ,9.80 ,0.09 ,N,160 ,8.3143 
F,600 ,1.0 ,MC,5.94 ,100.00 ,250.00 ,5.93 ,20.00 ,9.80 ,0.09 ,N,240 ,9.2171 
F,600 ,1.0 ,MC,5.94 ,100.00 ,250.00 ,5.93 ,20.00 ,9.80 ,0.09 ,N,320 ,10.1319 
F,600 ,1.0 ,MC,5.94 ,100.00 ,250.00 ,5.93 ,20.00 ,9.80 ,0.09 ,N,400 ,11.2153 
F,600 ,1.0 ,MC,5.94 ,100.00 ,250.00 ,5.93 ,20.00 ,9.80 ,0.09 ,N,480 ,12.0819 
F,600 ,1.0 ,MC,5.94 ,100.00 ,250.00 ,5.93 ,20.00 ,9.80 ,0.09 ,N,560 ,13.2255 
F,600 ,1.0 ,MC,5.94 ,100.00 ,250.00 ,5.93 ,20.00 ,9.80 ,0.09 ,N,640 ,14.8625 
F,600 ,1.0 ,MC,5.94 ,100.00 ,250.00 ,5.93 ,20.00 ,9.80 ,0.09 ,N,720 ,16.4634 
F,600 ,1.0 ,MC,5.94 ,100.00 ,250.00 ,5.93 ,20.00 ,9.80 ,0.09 ,N,800 ,18.0522 
F,600 ,1.0 ,MC,5.94 ,100.00 ,250.00 ,5.93 ,20.00 ,9.80 ,0.09 ,N,880 ,19.9540 
H,600 ,1.0 ,MC,6.08 ,100.00 ,150.00 ,5.93 ,20.00 ,9.80 ,0.09 ,N,80 ,7.6521 
H,600 ,1.0 ,MC,6.08 ,100.00 ,150.00 ,5.93 ,20.00 ,9.80 ,0.09 ,N,160 ,8.3503 
H,600 ,1.0 ,MC,6.08 ,100.00 ,150.00 ,5.93 ,20.00 ,9.80 ,0.09 ,N,240 ,9.2171 
H,600 ,1.0 ,MC,6.08 ,100.00 ,150.00 ,5.93 ,20.00 ,9.80 ,0.09 ,N,320 ,10.1560 
H,600 ,1.0 ,MC,6.08 ,100.00 ,150.00 ,5.93 ,20.00 ,9.80 ,0.09 ,N,400 ,11.1671 
H,600 ,1.0 ,MC,6.08 ,100.00 ,150.00 ,5.93 ,20.00 ,9.80 ,0.09 ,N,480 ,12.1903 
H,600 ,1.0 ,MC,6.08 ,100.00 ,150.00 ,5.93 ,20.00 ,9.80 ,0.09 ,N,560 ,13.2616 
H,600 ,1.0 ,MC,6.08 ,100.00 ,150.00 ,5.93 ,20.00 ,9.80 ,0.09 ,N,640 ,15.3681 
H,600 ,1.0 ,MC,6.08 ,100.00 ,150.00 ,5.93 ,20.00 ,9.80 ,0.09 ,N,720 ,17.5227 
H,600 ,1.0 ,MC,6.08 ,100.00 ,150.00 ,5.93 ,20.00 ,9.80 ,0.09 ,N,800 ,19.4848 
H,600 ,1.0 ,MC,6.08 ,100.00 ,150.00 ,5.93 ,20.00 ,9.80 ,0.09 ,N,880 ,21.7719 
A,450 ,2.0 ,MC,10.97 ,16.23 ,49.00 ,8.08 ,5.53 ,6.58 ,24.05 ,N,100 ,1.7819 
A,450 ,2.0 ,MC,10.97 ,16.23 ,49.00 ,8.08 ,5.53 ,6.58 ,24.05 ,N,200 ,3.5549 
A,450 ,2.0 ,MC,10.97 ,16.23 ,49.00 ,8.08 ,5.53 ,6.58 ,24.05 ,N,300 ,4.0727 
A,450 ,2.0 ,MC,10.97 ,16.23 ,49.00 ,8.08 ,5.53 ,6.58 ,24.05 ,N,400 ,4.4984 
A,450 ,2.0 ,MC,10.97 ,16.23 ,49.00 ,8.08 ,5.53 ,6.58 ,24.05 ,N,500 ,5.0190 
A,450 ,2.0 ,MC,10.97 ,16.23 ,49.00 ,8.08 ,5.53 ,6.58 ,24.05 ,N,600 ,5.5265 
A,450 ,2.0 ,MC,10.97 ,16.23 ,49.00 ,8.08 ,5.53 ,6.58 ,24.05 ,N,700 ,6.1329 
A,500 ,1.0 ,MC,8.50 ,200.00 ,250.00 ,6.50 ,0.00 ,0.00 ,0.00 ,N,50 ,1.2000 
F,500 ,2.0 ,CO,8.35 ,216.00 ,164.81 ,6.50 ,12.69 ,14.27 ,0.30 ,N,100 ,13.1980 
F,500 ,2.0 ,CO,8.35 ,216.00 ,164.81 ,6.50 ,12.69 ,14.27 ,0.30 ,N,200 ,25.3218 
F,500 ,2.0 ,CO,8.35 ,216.00 ,164.81 ,6.50 ,12.69 ,14.27 ,0.30 ,N,300 ,32.7540 
F,500 ,2.0 ,CO,8.35 ,216.00 ,164.81 ,6.50 ,12.69 ,14.27 ,0.30 ,N,400 ,37.1554 
F,500 ,2.0 ,CO,8.35 ,216.00 ,164.81 ,6.50 ,12.69 ,14.27 ,0.30 ,N,500 ,47.0383 
F,500 ,2.0 ,CO,8.35 ,216.00 ,164.81 ,6.50 ,12.69 ,14.27 ,0.30 ,N,600 ,54.5847 
F,500 ,2.0 ,CO,8.35 ,216.00 ,164.81 ,6.50 ,12.69 ,14.27 ,0.30 ,N,700 ,62.1310 
F,500 ,2.0 ,CO,8.35 ,216.00 ,164.81 ,6.50 ,12.69 ,14.27 ,0.30 ,N,800 ,72.3167 
F,500 ,2.0 ,CO,8.35 ,216.00 ,164.81 ,6.50 ,12.69 ,14.27 ,0.30 ,N,900 ,78.9835 
F,500 ,2.0 ,CO,8.35 ,210.00 ,164.81 ,6.50 ,12.69 ,14.27 ,0.30 ,N,100 ,9.4303 
F,500 ,2.0 ,CO,8.35 ,210.00 ,164.81 ,6.50 ,12.69 ,14.27 ,0.30 ,N,200 ,13.0648 
F,500 ,2.0 ,CO,8.35 ,210.00 ,164.81 ,6.50 ,12.69 ,14.27 ,0.30 ,N,300 ,17.7800 
F,500 ,2.0 ,CO,8.35 ,210.00 ,164.81 ,6.50 ,12.69 ,14.27 ,0.30 ,N,400 ,20.7269 
F,500 ,2.0 ,CO,8.35 ,210.00 ,164.81 ,6.50 ,12.69 ,14.27 ,0.30 ,N,500 ,35.1670 
F,500 ,2.0 ,CO,8.35 ,210.00 ,164.81 ,6.50 ,12.69 ,14.27 ,0.30 ,N,600 ,51.9646 
F,500 ,2.0 ,CO,8.35 ,210.00 ,164.81 ,6.50 ,12.69 ,14.27 ,0.30 ,N,700 ,57.6621 
F,500 ,2.0 ,CO,8.35 ,210.00 ,164.81 ,6.50 ,12.69 ,14.27 ,0.30 ,N,800 ,67.7800 
F,500 ,2.0 ,CO,8.35 ,210.00 ,164.81 ,6.50 ,12.69 ,14.27 ,0.30 ,N,900 ,68.4676 
F,500 ,2.0 ,CO,8.35 ,204.00 ,164.81 ,6.50 ,12.69 ,14.27 ,0.30 ,N,100 ,4.5000 
F,500 ,2.0 ,CO,8.35 ,204.00 ,164.81 ,6.50 ,12.69 ,14.27 ,0.30 ,N,200 ,9.7847 
F,500 ,2.0 ,CO,8.35 ,204.00 ,164.81 ,6.50 ,12.69 ,14.27 ,0.30 ,N,300 ,15.0685 
F,500 ,2.0 ,CO,8.35 ,204.00 ,164.81 ,6.50 ,12.69 ,14.27 ,0.30 ,N,400 ,3.9139 
F,500 ,2.0 ,CO,8.35 ,204.00 ,164.81 ,6.50 ,12.69 ,14.27 ,0.30 ,N,500 ,17.5147 
F,500 ,2.0 ,CO,8.35 ,204.00 ,164.81 ,6.50 ,12.69 ,14.27 ,0.30 ,N,600 ,32.0939 
F,500 ,2.0 ,CO,8.35 ,204.00 ,164.81 ,6.50 ,12.69 ,14.27 ,0.30 ,N,700 ,38.9432 
F,500 ,2.0 ,CO,8.35 ,204.00 ,164.81 ,6.50 ,12.69 ,14.27 ,0.30 ,N,800 ,49.9022 
F,500 ,2.0 ,CO,8.35 ,204.00 ,164.81 ,6.50 ,12.69 ,14.27 ,0.30 ,N,900 ,55.1859 
A,500 ,2.0 ,CO,9.01 ,216.00 ,139.60 ,6.50 ,28.24 ,14.27 ,0.30 ,N,100 ,11.3408 
A,500 ,2.0 ,CO,9.01 ,216.00 ,139.60 ,6.50 ,28.24 ,14.27 ,0.30 ,N,200 ,22.3893 
A,500 ,2.0 ,CO,9.01 ,216.00 ,139.60 ,6.50 ,28.24 ,14.27 ,0.30 ,N,300 ,30.4077 
A,500 ,2.0 ,CO,9.01 ,216.00 ,139.60 ,6.50 ,28.24 ,14.27 ,0.30 ,N,400 ,35.0050 
A,500 ,2.0 ,CO,9.01 ,216.00 ,139.60 ,6.50 ,28.24 ,14.27 ,0.30 ,N,500 ,48.5045 
A,500 ,2.0 ,CO,9.01 ,216.00 ,139.60 ,6.50 ,28.24 ,14.27 ,0.30 ,N,600 ,56.7352 
A,500 ,2.0 ,CO,9.01 ,216.00 ,139.60 ,6.50 ,28.24 ,14.27 ,0.30 ,N,700 ,60.9582 
A,500 ,2.0 ,CO,9.01 ,216.00 ,139.60 ,6.50 ,28.24 ,14.27 ,0.30 ,N,800 ,65.0831 
A,500 ,2.0 ,CO,9.01 ,216.00 ,139.60 ,6.50 ,28.24 ,14.27 ,0.30 ,N,900 ,71.1633 
A,500 ,2.0 ,CO,9.01 ,210.00 ,139.60 ,6.50 ,28.24 ,14.27 ,0.30 ,N,100 ,5.0098 
A,500 ,2.0 ,CO,9.01 ,210.00 ,139.60 ,6.50 ,28.24 ,14.27 ,0.30 ,N,200 ,8.9391 
A,500 ,2.0 ,CO,9.01 ,210.00 ,139.60 ,6.50 ,28.24 ,14.27 ,0.30 ,N,300 ,12.9666 
A,500 ,2.0 ,CO,9.01 ,210.00 ,139.60 ,6.50 ,28.24 ,14.27 ,0.30 ,N,400 ,15.7171 
A,500 ,2.0 ,CO,9.01 ,210.00 ,139.60 ,6.50 ,28.24 ,14.27 ,0.30 ,N,500 ,20.5000 
A,500 ,2.0 ,CO,9.01 ,210.00 ,139.60 ,6.50 ,28.24 ,14.27 ,0.30 ,N,600 ,26.2279 
A,500 ,2.0 ,CO,9.01 ,210.00 ,139.60 ,6.50 ,28.24 ,14.27 ,0.30 ,N,700 ,43.4185 
A,500 ,2.0 ,CO,9.01 ,210.00 ,139.60 ,6.50 ,28.24 ,14.27 ,0.30 ,N,800 ,51.6699 
A,500 ,2.0 ,CO,9.01 ,210.00 ,139.60 ,6.50 ,28.24 ,14.27 ,0.30 ,N,900 ,55.7957 
A,500 ,2.0 ,CO,9.01 ,204.00 ,139.60 ,6.50 ,28.24 ,14.27 ,0.30 ,N,100 ,3.7182 
A,500 ,2.0 ,CO,9.01 ,204.00 ,139.60 ,6.50 ,28.24 ,14.27 ,0.30 ,N,200 ,5.6751 
A,500 ,2.0 ,CO,9.01 ,204.00 ,139.60 ,6.50 ,28.24 ,14.27 ,0.30 ,N,300 ,12.1331 
A,500 ,2.0 ,CO,9.01 ,204.00 ,139.60 ,6.50 ,28.24 ,14.27 ,0.30 ,N,400 ,18.0039 
A,500 ,2.0 ,CO,9.01 ,204.00 ,139.60 ,6.50 ,28.24 ,14.27 ,0.30 ,N,500 ,30.1370 
A,500 ,2.0 ,CO,9.01 ,204.00 ,139.60 ,6.50 ,28.24 ,14.27 ,0.30 ,N,600 ,35.0294 
A,500 ,2.0 ,CO,9.01 ,204.00 ,139.60 ,6.50 ,28.24 ,14.27 ,0.30 ,N,700 ,41.2916 
A,500 ,2.0 ,CO,9.01 ,204.00 ,139.60 ,6.50 ,28.24 ,14.27 ,0.30 ,N,800 ,46.9667 
A,500 ,2.0 ,CO,9.01 ,204.00 ,139.60 ,6.50 ,28.24 ,14.27 ,0.30 ,N,900 ,54.3053 
F,500 ,2.0 ,CO,7.89 ,216.00 ,1454.17 ,6.50 ,13.88 ,14.27 ,0.30 ,N,100 ,15.1530 
F,500 ,2.0 ,CO,7.89 ,216.00 ,1454.17 ,6.50 ,13.88 ,14.27 ,0.30 ,N,200 ,24.8331 
F,500 ,2.0 ,CO,7.89 ,216.00 ,1454.17 ,6.50 ,13.88 ,14.27 ,0.30 ,N,300 ,37.1527 
F,500 ,2.0 ,CO,7.89 ,216.00 ,1454.17 ,6.50 ,13.88 ,14.27 ,0.30 ,N,400 ,44.2914 
F,500 ,2.0 ,CO,7.89 ,216.00 ,1454.17 ,6.50 ,13.88 ,14.27 ,0.30 ,N,500 ,60.1369 
F,500 ,2.0 ,CO,7.89 ,216.00 ,1454.17 ,6.50 ,13.88 ,14.27 ,0.30 ,N,600 ,63.0890 
F,500 ,2.0 ,CO,7.89 ,216.00 ,1454.17 ,6.50 ,13.88 ,14.27 ,0.30 ,N,700 ,68.3872 
F,500 ,2.0 ,CO,7.89 ,216.00 ,1454.17 ,6.50 ,13.88 ,14.27 ,0.30 ,N,800 ,76.4222 
F,500 ,2.0 ,CO,7.89 ,216.00 ,1454.17 ,6.50 ,13.88 ,14.27 ,0.30 ,N,900 ,82.5025 
F,500 ,2.0 ,CO,7.89 ,210.00 ,1454.17 ,6.50 ,13.88 ,14.27 ,0.30 ,N,100 ,12.7701 
F,500 ,2.0 ,CO,7.89 ,210.00 ,1454.17 ,6.50 ,13.88 ,14.27 ,0.30 ,N,200 ,20.0393 
F,500 ,2.0 ,CO,7.89 ,210.00 ,1454.17 ,6.50 ,13.88 ,14.27 ,0.30 ,N,300 ,25.8350 
F,500 ,2.0 ,CO,7.89 ,210.00 ,1454.17 ,6.50 ,13.88 ,14.27 ,0.30 ,N,400 ,33.6935 
F,500 ,2.0 ,CO,7.89 ,210.00 ,1454.17 ,6.50 ,13.88 ,14.27 ,0.30 ,N,500 ,50.6876 
F,500 ,2.0 ,CO,7.89 ,210.00 ,1454.17 ,6.50 ,13.88 ,14.27 ,0.30 ,N,600 ,60.5108 
F,500 ,2.0 ,CO,7.89 ,210.00 ,1454.17 ,6.50 ,13.88 ,14.27 ,0.30 ,N,700 ,68.4676 
F,500 ,2.0 ,CO,7.89 ,210.00 ,1454.17 ,6.50 ,13.88 ,14.27 ,0.30 ,N,800 ,70.8251 
F,500 ,2.0 ,CO,7.89 ,210.00 ,1454.17 ,6.50 ,13.88 ,14.27 ,0.30 ,N,900 ,75.6385 
F,500 ,2.0 ,CO,7.89 ,204.00 ,1454.17 ,6.50 ,13.88 ,14.27 ,0.30 ,N,100 ,4.0000 
F,500 ,2.0 ,CO,7.89 ,204.00 ,1454.17 ,6.50 ,13.88 ,14.27 ,0.30 ,N,200 ,8.4149 
F,500 ,2.0 ,CO,7.89 ,204.00 ,1454.17 ,6.50 ,13.88 ,14.27 ,0.30 ,N,300 ,11.7417 
F,500 ,2.0 ,CO,7.89 ,204.00 ,1454.17 ,6.50 ,13.88 ,14.27 ,0.30 ,N,400 ,20.9393 
F,500 ,2.0 ,CO,7.89 ,204.00 ,1454.17 ,6.50 ,13.88 ,14.27 ,0.30 ,N,500 ,29.2564 
F,500 ,2.0 ,CO,7.89 ,204.00 ,1454.17 ,6.50 ,13.88 ,14.27 ,0.30 ,N,600 ,41.9765 
F,500 ,2.0 ,CO,7.89 ,204.00 ,1454.17 ,6.50 ,13.88 ,14.27 ,0.30 ,N,700 ,49.4129 
F,500 ,2.0 ,CO,7.89 ,204.00 ,1454.17 ,6.50 ,13.88 ,14.27 ,0.30 ,N,800 ,56.2622 
F,500 ,2.0 ,CO,7.89 ,204.00 ,1454.17 ,6.50 ,13.88 ,14.27 ,0.30 ,N,900 ,63.0137 
F,500 ,2.0 ,MC,10.11 ,225.40 ,5.50 ,8.08 ,20.00 ,16.99 ,53.30 ,N,200 ,58.8106 
F,500 ,2.0 ,MC,10.11 ,225.40 ,5.50 ,8.08 ,20.00 ,16.99 ,53.30 ,N,400 ,59.5815 
F,500 ,2.0 ,MC,10.11 ,225.40 ,5.50 ,8.08 ,20.00 ,16.99 ,53.30 ,N,600 ,60.3524 
F,500 ,2.0 ,MC,10.11 ,225.40 ,5.50 ,8.08 ,20.00 ,16.99 ,53.30 ,N,800 ,61.0132 
F,500 ,2.0 ,MC,10.11 ,225.40 ,5.50 ,8.08 ,20.00 ,16.99 ,53.30 ,N,1000 ,62.7753 
F,500 ,2.0 ,MC,10.11 ,225.40 ,5.50 ,8.08 ,20.00 ,16.99 ,53.30 ,N,1200 ,66.1894 
F,500 ,2.0 ,MC,10.11 ,225.40 ,5.50 ,8.08 ,20.00 ,16.99 ,53.30 ,N,1400 ,72.7974 
F,500 ,2.0 ,MC,10.11 ,225.40 ,5.50 ,8.08 ,20.00 ,16.99 ,53.30 ,N,1600 ,80.7269 
F,500 ,2.0 ,MC,10.11 ,225.40 ,5.50 ,8.08 ,20.00 ,16.99 ,53.30 ,N,1800 ,84.8018 
F,500 ,2.0 ,MC,10.11 ,225.40 ,5.50 ,8.08 ,20.00 ,16.99 ,53.30 ,N,2000 ,87.8855 
F,500 ,2.0 ,MC,10.11 ,225.40 ,5.50 ,8.08 ,20.00 ,16.99 ,53.30 ,N,2200 ,90.4185 
F,500 ,2.0 ,MC,10.11 ,225.40 ,5.50 ,8.08 ,20.00 ,16.99 ,53.30 ,N,2400 ,91.8502 
F,500 ,2.0 ,MC,10.11 ,225.40 ,5.50 ,8.08 ,20.00 ,16.99 ,53.30 ,N,2600 ,93.0617 
F,500 ,2.0 ,MC,10.11 ,225.40 ,5.50 ,8.08 ,20.00 ,16.99 ,53.30 ,N,2800 ,93.5022 
F,500 ,2.0 ,MC,10.11 ,142.90 ,7.36 ,8.08 ,20.00 ,16.99 ,53.30 ,N,200 ,57.1586 
F,500 ,2.0 ,MC,10.11 ,142.90 ,7.36 ,8.08 ,20.00 ,16.99 ,53.30 ,N,400 ,58.2599 
F,500 ,2.0 ,MC,10.11 ,142.90 ,7.36 ,8.08 ,20.00 ,16.99 ,53.30 ,N,600 ,58.7004 
F,500 ,2.0 ,MC,10.11 ,142.90 ,7.36 ,8.08 ,20.00 ,16.99 ,53.30 ,N,800 ,59.4714 
F,500 ,2.0 ,MC,10.11 ,142.90 ,7.36 ,8.08 ,20.00 ,16.99 ,53.30 ,N,1000 ,60.3524 
F,500 ,2.0 ,MC,10.11 ,142.90 ,7.36 ,8.08 ,20.00 ,16.99 ,53.30 ,N,1200 ,61.5639 
F,500 ,2.0 ,MC,10.11 ,142.90 ,7.36 ,8.08 ,20.00 ,16.99 ,53.30 ,N,1400 ,64.3172 
F,500 ,2.0 ,MC,10.11 ,142.90 ,7.36 ,8.08 ,20.00 ,16.99 ,53.30 ,N,1600 ,67.8414 
F,500 ,2.0 ,MC,10.11 ,142.90 ,7.36 ,8.08 ,20.00 ,16.99 ,53.30 ,N,1800 ,70.5947 
F,500 ,2.0 ,MC,10.11 ,142.90 ,7.36 ,8.08 ,20.00 ,16.99 ,53.30 ,N,2000 ,75.2203 
F,500 ,2.0 ,MC,10.11 ,142.90 ,7.36 ,8.08 ,20.00 ,16.99 ,53.30 ,N,2200 ,79.0749 
F,500 ,2.0 ,MC,10.11 ,142.90 ,7.36 ,8.08 ,20.00 ,16.99 ,53.30 ,N,2400 ,81.0573 
F,500 ,2.0 ,MC,10.11 ,142.90 ,7.36 ,8.08 ,20.00 ,16.99 ,53.30 ,N,2600 ,82.3789 
F,500 ,2.0 ,MC,10.11 ,142.90 ,7.36 ,8.08 ,20.00 ,16.99 ,53.30 ,N,2800 ,82.8194 
F,500 ,2.0 ,CO,9.95 ,207.40 ,0.00 ,8.08 ,20.00 ,16.99 ,53.30 ,N,200 ,42.0705 
F,500 ,2.0 ,CO,9.95 ,207.40 ,0.00 ,8.08 ,20.00 ,16.99 ,53.30 ,N,400 ,45.8150 
F,500 ,2.0 ,CO,9.95 ,207.40 ,0.00 ,8.08 ,20.00 ,16.99 ,53.30 ,N,600 ,47.1366 
F,500 ,2.0 ,CO,9.95 ,207.40 ,0.00 ,8.08 ,20.00 ,16.99 ,53.30 ,N,800 ,48.1278 
F,500 ,2.0 ,CO,9.95 ,207.40 ,0.00 ,8.08 ,20.00 ,16.99 ,53.30 ,N,1000 ,49.8899 
F,500 ,2.0 ,CO,9.95 ,207.40 ,0.00 ,8.08 ,20.00 ,16.99 ,53.30 ,N,1200 ,54.5154 
F,500 ,2.0 ,CO,9.95 ,207.40 ,0.00 ,8.08 ,20.00 ,16.99 ,53.30 ,N,1400 ,61.2335 
F,500 ,2.0 ,CO,9.95 ,207.40 ,0.00 ,8.08 ,20.00 ,16.99 ,53.30 ,N,1600 ,73.5683 
F,500 ,2.0 ,CO,9.95 ,207.40 ,0.00 ,8.08 ,20.00 ,16.99 ,53.30 ,N,1800 ,78.5242 
F,500 ,2.0 ,CO,9.95 ,207.40 ,0.00 ,8.08 ,20.00 ,16.99 ,53.30 ,N,2000 ,83.9207 
F,500 ,2.0 ,CO,9.95 ,207.40 ,0.00 ,8.08 ,20.00 ,16.99 ,53.30 ,N,2200 ,85.4626 
F,500 ,2.0 ,CO,9.95 ,207.40 ,0.00 ,8.08 ,20.00 ,16.99 ,53.30 ,N,2400 ,86.5639 
F,500 ,2.0 ,CO,9.95 ,207.40 ,0.00 ,8.08 ,20.00 ,16.99 ,53.30 ,N,2600 ,87.7753 
F,500 ,2.0 ,CO,9.95 ,207.40 ,0.00 ,8.08 ,20.00 ,16.99 ,53.30 ,N,2800 ,88.5463 
F,500 ,2.0 ,CO,9.93 ,126.30 ,4.59 ,8.08 ,20.00 ,16.99 ,53.30 ,N,200 ,28.5242 
F,500 ,2.0 ,CO,9.93 ,126.30 ,4.59 ,8.08 ,20.00 ,16.99 ,53.30 ,N,400 ,34.0308 
F,500 ,2.0 ,CO,9.93 ,126.30 ,4.59 ,8.08 ,20.00 ,16.99 ,53.30 ,N,600 ,35.1322 
F,500 ,2.0 ,CO,9.93 ,126.30 ,4.59 ,8.08 ,20.00 ,16.99 ,53.30 ,N,800 ,36.3436 
F,500 ,2.0 ,CO,9.93 ,126.30 ,4.59 ,8.08 ,20.00 ,16.99 ,53.30 ,N,1000 ,37.8855 
F,500 ,2.0 ,CO,9.93 ,126.30 ,4.59 ,8.08 ,20.00 ,16.99 ,53.30 ,N,1200 ,41.8502 
F,500 ,2.0 ,CO,9.93 ,126.30 ,4.59 ,8.08 ,20.00 ,16.99 ,53.30 ,N,1400 ,46.0352 
F,500 ,2.0 ,CO,9.93 ,126.30 ,4.59 ,8.08 ,20.00 ,16.99 ,53.30 ,N,1600 ,53.5242 
F,500 ,2.0 ,CO,9.93 ,126.30 ,4.59 ,8.08 ,20.00 ,16.99 ,53.30 ,N,1800 ,58.4802 
F,500 ,2.0 ,CO,9.93 ,126.30 ,4.59 ,8.08 ,20.00 ,16.99 ,53.30 ,N,2000 ,61.6740 
F,500 ,2.0 ,CO,9.93 ,126.30 ,4.59 ,8.08 ,20.00 ,16.99 ,53.30 ,N,2200 ,64.6476 
F,500 ,2.0 ,CO,9.93 ,126.30 ,4.59 ,8.08 ,20.00 ,16.99 ,53.30 ,N,2400 ,66.1894 
F,500 ,2.0 ,CO,9.93 ,126.30 ,4.59 ,8.08 ,20.00 ,16.99 ,53.30 ,N,2600 ,67.0705 
F,500 ,2.0 ,CO,9.93 ,126.30 ,4.59 ,8.08 ,20.00 ,16.99 ,53.30 ,N,2800 ,67.2907 
F,500 ,2.0 ,CO,8.62 ,184.40 ,0.00 ,8.08 ,20.00 ,16.99 ,53.30 ,N,200 ,43.5022 
F,500 ,2.0 ,CO,8.62 ,184.40 ,0.00 ,8.08 ,20.00 ,16.99 ,53.30 ,N,400 ,46.9163 
F,500 ,2.0 ,CO,8.62 ,184.40 ,0.00 ,8.08 ,20.00 ,16.99 ,53.30 ,N,600 ,47.9075 
F,500 ,2.0 ,CO,8.62 ,184.40 ,0.00 ,8.08 ,20.00 ,16.99 ,53.30 ,N,800 ,49.5595 
F,500 ,2.0 ,CO,8.62 ,184.40 ,0.00 ,8.08 ,20.00 ,16.99 ,53.30 ,N,1000 ,51.1013 
F,500 ,2.0 ,CO,8.62 ,184.40 ,0.00 ,8.08 ,20.00 ,16.99 ,53.30 ,N,1200 ,55.8370 
F,500 ,2.0 ,CO,8.62 ,184.40 ,0.00 ,8.08 ,20.00 ,16.99 ,53.30 ,N,1400 ,62.6652 
F,500 ,2.0 ,CO,8.62 ,184.40 ,0.00 ,8.08 ,20.00 ,16.99 ,53.30 ,N,1600 ,71.0352 
F,500 ,2.0 ,CO,8.62 ,184.40 ,0.00 ,8.08 ,20.00 ,16.99 ,53.30 ,N,1800 ,76.8722 
F,500 ,2.0 ,CO,8.62 ,184.40 ,0.00 ,8.08 ,20.00 ,16.99 ,53.30 ,N,2000 ,81.0573 
F,500 ,2.0 ,CO,8.62 ,184.40 ,0.00 ,8.08 ,20.00 ,16.99 ,53.30 ,N,2200 ,81.2775 
F,500 ,2.0 ,CO,8.62 ,184.40 ,0.00 ,8.08 ,20.00 ,16.99 ,53.30 ,N,2400 ,82.3789 
F,500 ,2.0 ,CO,8.62 ,184.40 ,0.00 ,8.08 ,20.00 ,16.99 ,53.30 ,N,2600 ,83.1498 
F,500 ,2.0 ,CO,8.62 ,184.40 ,0.00 ,8.08 ,20.00 ,16.99 ,53.30 ,N,2800 ,83.7004 
F,500 ,2.0 ,CO,8.38 ,115.60 ,3.73 ,8.08 ,20.00 ,16.99 ,53.30 ,N,200 ,27.0925 
F,500 ,2.0 ,CO,8.38 ,115.60 ,3.73 ,8.08 ,20.00 ,16.99 ,53.30 ,N,400 ,30.8370 
F,500 ,2.0 ,CO,8.38 ,115.60 ,3.73 ,8.08 ,20.00 ,16.99 ,53.30 ,N,600 ,31.7181 
F,500 ,2.0 ,CO,8.38 ,115.60 ,3.73 ,8.08 ,20.00 ,16.99 ,53.30 ,N,800 ,32.7093 
F,500 ,2.0 ,CO,8.38 ,115.60 ,3.73 ,8.08 ,20.00 ,16.99 ,53.30 ,N,1000 ,34.0308 
F,500 ,2.0 ,CO,8.38 ,115.60 ,3.73 ,8.08 ,20.00 ,16.99 ,53.30 ,N,1200 ,36.2335 
F,500 ,2.0 ,CO,8.38 ,115.60 ,3.73 ,8.08 ,20.00 ,16.99 ,53.30 ,N,1400 ,41.9604 
F,500 ,2.0 ,CO,8.38 ,115.60 ,3.73 ,8.08 ,20.00 ,16.99 ,53.30 ,N,1600 ,48.8987 
F,500 ,2.0 ,CO,8.38 ,115.60 ,3.73 ,8.08 ,20.00 ,16.99 ,53.30 ,N,1800 ,53.6344 
F,500 ,2.0 ,CO,8.38 ,115.60 ,3.73 ,8.08 ,20.00 ,16.99 ,53.30 ,N,2000 ,58.8106 
F,500 ,2.0 ,CO,8.38 ,115.60 ,3.73 ,8.08 ,20.00 ,16.99 ,53.30 ,N,2200 ,60.9031 
F,500 ,2.0 ,CO,8.38 ,115.60 ,3.73 ,8.08 ,20.00 ,16.99 ,53.30 ,N,2400 ,63.2159 
F,500 ,2.0 ,CO,8.38 ,115.60 ,3.73 ,8.08 ,20.00 ,16.99 ,53.30 ,N,2600 ,65.1982 
F,500 ,2.0 ,CO,8.38 ,115.60 ,3.73 ,8.08 ,20.00 ,16.99 ,53.30 ,N,2800 ,65.9692 
F,550 ,2.0 ,CO,6.50 ,1.80 ,150.00 ,6.33 ,18.10 ,16.00 ,16.00 ,N,100 ,0.0831 
F,550 ,2.0 ,CO,6.50 ,1.80 ,150.00 ,6.33 ,18.10 ,16.00 ,16.00 ,N,200 ,0.2577 
F,550 ,2.0 ,CO,6.50 ,1.80 ,150.00 ,6.33 ,18.10 ,16.00 ,16.00 ,N,300 ,0.5606 
F,550 ,2.0 ,CO,6.50 ,1.80 ,150.00 ,6.33 ,18.10 ,16.00 ,16.00 ,N,400 ,0.7019 
F,550 ,2.0 ,CO,6.50 ,1.80 ,150.00 ,6.33 ,18.10 ,16.00 ,16.00 ,N,500 ,0.8866 
F,550 ,2.0 ,CO,6.50 ,1.80 ,150.00 ,6.33 ,18.10 ,16.00 ,16.00 ,N,600 ,1.0962 
F,550 ,2.0 ,CO,6.50 ,1.80 ,150.00 ,6.33 ,18.10 ,16.00 ,16.00 ,N,700 ,1.2375 
F,550 ,2.0 ,CO,6.50 ,1.80 ,150.00 ,6.33 ,18.10 ,16.00 ,16.00 ,N,800 ,1.3439 
F,550 ,2.0 ,CO,6.50 ,1.80 ,150.00 ,6.33 ,18.10 ,16.00 ,16.00 ,N,900 ,1.4303 
F,550 ,2.0 ,CO,6.50 ,1.80 ,150.00 ,6.33 ,18.10 ,16.00 ,16.00 ,N,1000 ,1.5068 
F,550 ,2.0 ,CO,6.80 ,2.00 ,120.00 ,6.33 ,18.10 ,18.00 ,16.00 ,N,100 ,0.0892 
F,550 ,2.0 ,CO,6.80 ,2.00 ,120.00 ,6.33 ,18.10 ,18.00 ,16.00 ,N,200 ,0.4192 
F,550 ,2.0 ,CO,6.80 ,2.00 ,120.00 ,6.33 ,18.10 ,18.00 ,16.00 ,N,300 ,0.5504 
F,550 ,2.0 ,CO,6.80 ,2.00 ,120.00 ,6.33 ,18.10 ,18.00 ,16.00 ,N,400 ,0.7017 
F,550 ,2.0 ,CO,6.80 ,2.00 ,120.00 ,6.33 ,18.10 ,18.00 ,16.00 ,N,500 ,0.8876 
F,550 ,2.0 ,CO,6.80 ,2.00 ,120.00 ,6.33 ,18.10 ,18.00 ,16.00 ,N,600 ,1.0990 
F,550 ,2.0 ,CO,6.80 ,2.00 ,120.00 ,6.33 ,18.10 ,18.00 ,16.00 ,N,700 ,1.2356 
F,550 ,2.0 ,CO,6.80 ,2.00 ,120.00 ,6.33 ,18.10 ,18.00 ,16.00 ,N,800 ,1.3431 
F,550 ,2.0 ,CO,6.80 ,2.00 ,120.00 ,6.33 ,18.10 ,18.00 ,16.00 ,N,900 ,1.4378 
F,550 ,2.0 ,CO,6.80 ,2.00 ,120.00 ,6.33 ,18.10 ,18.00 ,16.00 ,N,1000 ,1.5233 
F,550 ,2.0 ,CO,6.50 ,1.80 ,80.00 ,6.33 ,18.10 ,16.00 ,16.00 ,N,100 ,0.0784 
F,550 ,2.0 ,CO,6.50 ,1.80 ,80.00 ,6.33 ,18.10 ,16.00 ,16.00 ,N,200 ,0.2697 
F,550 ,2.0 ,CO,6.50 ,1.80 ,80.00 ,6.33 ,18.10 ,16.00 ,16.00 ,N,300 ,0.5264 
F,550 ,2.0 ,CO,6.50 ,1.80 ,80.00 ,6.33 ,18.10 ,16.00 ,16.00 ,N,400 ,0.6555 
F,550 ,2.0 ,CO,6.50 ,1.80 ,80.00 ,6.33 ,18.10 ,16.00 ,16.00 ,N,500 ,0.8370 
F,550 ,2.0 ,CO,6.50 ,1.80 ,80.00 ,6.33 ,18.10 ,16.00 ,16.00 ,N,600 ,1.0544 
F,550 ,2.0 ,CO,6.50 ,1.80 ,80.00 ,6.33 ,18.10 ,16.00 ,16.00 ,N,700 ,1.1982 
F,550 ,2.0 ,CO,6.50 ,1.80 ,80.00 ,6.33 ,18.10 ,16.00 ,16.00 ,N,800 ,1.3077 
F,550 ,2.0 ,CO,6.50 ,1.80 ,80.00 ,6.33 ,18.10 ,16.00 ,16.00 ,N,900 ,1.4123 
F,550 ,2.0 ,CO,6.50 ,1.80 ,80.00 ,6.33 ,18.10 ,16.00 ,16.00 ,N,1000 ,1.5136 
F,550 ,2.0 ,MC,7.20 ,1.00 ,280.00 ,6.33 ,18.10 ,17.00 ,17.00 ,N,100 ,0.0768 
F,550 ,2.0 ,MC,7.20 ,1.00 ,280.00 ,6.33 ,18.10 ,17.00 ,17.00 ,N,200 ,0.3159 
F,550 ,2.0 ,MC,7.20 ,1.00 ,280.00 ,6.33 ,18.10 ,17.00 ,17.00 ,N,300 ,0.4355 
F,550 ,2.0 ,MC,7.20 ,1.00 ,280.00 ,6.33 ,18.10 ,17.00 ,17.00 ,N,400 ,0.5506 
F,550 ,2.0 ,MC,7.20 ,1.00 ,280.00 ,6.33 ,18.10 ,17.00 ,17.00 ,N,500 ,0.6584 
F,550 ,2.0 ,MC,7.20 ,1.00 ,280.00 ,6.33 ,18.10 ,17.00 ,17.00 ,N,600 ,0.7647 
F,550 ,2.0 ,MC,7.20 ,1.00 ,280.00 ,6.33 ,18.10 ,17.00 ,17.00 ,N,700 ,0.8577 
F,550 ,2.0 ,MC,7.20 ,1.00 ,280.00 ,6.33 ,18.10 ,17.00 ,17.00 ,N,800 ,0.9212 
F,550 ,2.0 ,MC,7.20 ,1.00 ,280.00 ,6.33 ,18.10 ,17.00 ,17.00 ,N,900 ,0.9684 
F,550 ,2.0 ,MC,7.20 ,1.00 ,280.00 ,6.33 ,18.10 ,17.00 ,17.00 ,N,1000 ,1.0127 
A,600 ,2.0 ,MC,7.55 ,59.95 ,162.50 ,6.67 ,15.00 ,12.00 ,0.68 ,N,100 ,0.8009 
A,600 ,2.0 ,MC,7.55 ,59.95 ,162.50 ,6.67 ,15.00 ,12.00 ,0.68 ,N,200 ,1.3272 
A,600 ,2.0 ,MC,7.55 ,59.95 ,162.50 ,6.67 ,15.00 ,12.00 ,0.68 ,N,300 ,2.5629 
A,600 ,2.0 ,MC,7.55 ,59.95 ,162.50 ,6.67 ,15.00 ,12.00 ,0.68 ,N,400 ,3.5698 
A,600 ,2.0 ,MC,7.55 ,59.95 ,162.50 ,6.67 ,15.00 ,12.00 ,0.68 ,N,500 ,8.6270 
A,600 ,2.0 ,MC,7.55 ,59.95 ,162.50 ,6.67 ,15.00 ,12.00 ,0.68 ,N,600 ,13.1579 
A,600 ,2.0 ,MC,7.55 ,59.95 ,162.50 ,6.67 ,15.00 ,12.00 ,0.68 ,N,700 ,19.2220 
A,500 ,1.0 ,MC,8.50 ,381.00 ,250.00 ,6.50 ,0.00 ,0.00 ,0.00 ,P,50 ,3.6000 
A,300 ,0.5 ,MC,8.75 ,0.11 ,3.93 ,7.56 ,54.16 ,18.00 ,0.56 ,P,150 ,3.8743 
A,300 ,0.5 ,MC,8.75 ,0.11 ,3.93 ,7.56 ,54.16 ,18.00 ,0.56 ,P,250 ,6.1769 
A,300 ,0.5 ,MC,8.75 ,0.11 ,3.93 ,7.56 ,54.16 ,18.00 ,0.56 ,P,350 ,6.9932 
A,300 ,0.5 ,MC,8.75 ,0.11 ,3.93 ,7.56 ,54.16 ,18.00 ,0.56 ,P,450 ,8.1750 
A,300 ,0.5 ,MC,8.75 ,0.11 ,3.93 ,7.56 ,54.16 ,18.00 ,0.56 ,P,550 ,8.5161 
A,300 ,0.5 ,MC,8.75 ,0.11 ,3.93 ,7.56 ,54.16 ,18.00 ,0.56 ,P,650 ,8.5161 
A,300 ,0.5 ,MC,8.75 ,0.11 ,3.93 ,7.56 ,54.16 ,18.00 ,0.56 ,P,750 ,8.5039 
A,300 ,0.5 ,MC,8.75 ,0.11 ,3.93 ,7.56 ,54.16 ,18.00 ,0.56 ,P,150 ,2.4001 
A,300 ,0.5 ,MC,8.75 ,0.11 ,3.93 ,7.56 ,54.16 ,18.00 ,0.56 ,P,250 ,2.5219 
A,300 ,0.5 ,MC,8.75 ,0.11 ,3.93 ,7.56 ,54.16 ,18.00 ,0.56 ,P,350 ,3.5941 
A,300 ,0.5 ,MC,8.75 ,0.11 ,3.93 ,7.56 ,54.16 ,18.00 ,0.56 ,P,450 ,3.5819 
A,300 ,0.5 ,MC,8.75 ,0.11 ,3.93 ,7.56 ,54.16 ,18.00 ,0.56 ,P,550 ,3.5819 
A,300 ,0.5 ,MC,8.75 ,0.11 ,3.93 ,7.56 ,54.16 ,18.00 ,0.56 ,P,650 ,4.4347 
A,300 ,0.5 ,MC,8.75 ,0.11 ,3.93 ,7.56 ,54.16 ,18.00 ,0.56 ,P,750 ,4.4347 
A,300 ,0.5 ,MC,8.75 ,0.11 ,3.93 ,7.56 ,54.16 ,18.00 ,0.56 ,P,150 ,1.9371 
A,300 ,0.5 ,MC,8.75 ,0.11 ,3.93 ,7.56 ,54.16 ,18.00 ,0.56 ,P,250 ,2.0468 
A,300 ,0.5 ,MC,8.75 ,0.11 ,3.93 ,7.56 ,54.16 ,18.00 ,0.56 ,P,350 ,3.1798 
A,300 ,0.5 ,MC,8.75 ,0.11 ,3.93 ,7.56 ,54.16 ,18.00 ,0.56 ,P,450 ,3.1676 
A,300 ,0.5 ,MC,8.75 ,0.11 ,3.93 ,7.56 ,54.16 ,18.00 ,0.56 ,P,550 ,3.1676 
A,300 ,0.5 ,MC,8.75 ,0.11 ,3.93 ,7.56 ,54.16 ,18.00 ,0.56 ,P,650 ,3.7403 
A,300 ,0.5 ,MC,8.75 ,0.11 ,3.93 ,7.56 ,54.16 ,18.00 ,0.56 ,P,750 ,4.1179 
A,300 ,0.5 ,MC,8.75 ,0.11 ,3.93 ,7.56 ,54.16 ,18.00 ,0.56 ,P,150 ,1.0478 
A,300 ,0.5 ,MC,8.75 ,0.11 ,3.93 ,7.56 ,54.16 ,18.00 ,0.56 ,P,250 ,1.4376 
A,300 ,0.5 ,MC,8.75 ,0.11 ,3.93 ,7.56 ,54.16 ,18.00 ,0.56 ,P,350 ,2.0712 
A,300 ,0.5 ,MC,8.75 ,0.11 ,3.93 ,7.56 ,54.16 ,18.00 ,0.56 ,P,450 ,2.0712 
A,300 ,0.5 ,MC,8.75 ,0.11 ,3.93 ,7.56 ,54.16 ,18.00 ,0.56 ,P,550 ,2.0833 
A,300 ,0.5 ,MC,8.75 ,0.11 ,3.93 ,7.56 ,54.16 ,18.00 ,0.56 ,P,650 ,2.3879 
A,300 ,0.5 ,MC,8.75 ,0.11 ,3.93 ,7.56 ,54.16 ,18.00 ,0.56 ,P,750 ,2.3879 
H,600 ,0.5 ,MC,9.74 ,0.15 ,6.07 ,7.56 ,54.16 ,18.00 ,0.56 ,P,150 ,3.8743 
H,600 ,0.5 ,MC,9.74 ,0.15 ,6.07 ,7.56 ,54.16 ,18.00 ,0.56 ,P,250 ,6.1769 
H,600 ,0.5 ,MC,9.74 ,0.15 ,6.07 ,7.56 ,54.16 ,18.00 ,0.56 ,P,350 ,6.9932 
H,600 ,0.5 ,MC,9.74 ,0.15 ,6.07 ,7.56 ,54.16 ,18.00 ,0.56 ,P,450 ,8.1750 
H,600 ,0.5 ,MC,9.74 ,0.15 ,6.07 ,7.56 ,54.16 ,18.00 ,0.56 ,P,550 ,8.5161 
H,600 ,0.5 ,MC,9.74 ,0.15 ,6.07 ,7.56 ,54.16 ,18.00 ,0.56 ,P,650 ,8.5161 
H,600 ,0.5 ,MC,9.74 ,0.15 ,6.07 ,7.56 ,54.16 ,18.00 ,0.56 ,P,750 ,8.5039 
H,600 ,0.5 ,MC,9.74 ,0.15 ,6.07 ,7.56 ,54.16 ,18.00 ,0.56 ,P,150 ,3.6793 
H,600 ,0.5 ,MC,9.74 ,0.15 ,6.07 ,7.56 ,54.16 ,18.00 ,0.56 ,P,250 ,5.2753 
H,600 ,0.5 ,MC,9.74 ,0.15 ,6.07 ,7.56 ,54.16 ,18.00 ,0.56 ,P,350 ,5.5677 
H,600 ,0.5 ,MC,9.74 ,0.15 ,6.07 ,7.56 ,54.16 ,18.00 ,0.56 ,P,450 ,5.9576 
H,600 ,0.5 ,MC,9.74 ,0.15 ,6.07 ,7.56 ,54.16 ,18.00 ,0.56 ,P,550 ,6.7373 
H,600 ,0.5 ,MC,9.74 ,0.15 ,6.07 ,7.56 ,54.16 ,18.00 ,0.56 ,P,650 ,7.3343 
H,600 ,0.5 ,MC,9.74 ,0.15 ,6.07 ,7.56 ,54.16 ,18.00 ,0.56 ,P,750 ,7.3343 
H,600 ,0.5 ,MC,9.74 ,0.15 ,6.07 ,7.56 ,54.16 ,18.00 ,0.56 ,P,150 ,3.3260 
H,600 ,0.5 ,MC,9.74 ,0.15 ,6.07 ,7.56 ,54.16 ,18.00 ,0.56 ,P,250 ,4.0083 
H,600 ,0.5 ,MC,9.74 ,0.15 ,6.07 ,7.56 ,54.16 ,18.00 ,0.56 ,P,350 ,4.6296 
H,600 ,0.5 ,MC,9.74 ,0.15 ,6.07 ,7.56 ,54.16 ,18.00 ,0.56 ,P,450 ,4.8977 
H,600 ,0.5 ,MC,9.74 ,0.15 ,6.07 ,7.56 ,54.16 ,18.00 ,0.56 ,P,550 ,5.6530 
H,600 ,0.5 ,MC,9.74 ,0.15 ,6.07 ,7.56 ,54.16 ,18.00 ,0.56 ,P,650 ,6.0063 
H,600 ,0.5 ,MC,9.74 ,0.15 ,6.07 ,7.56 ,54.16 ,18.00 ,0.56 ,P,750 ,6.0185 
H,600 ,0.5 ,MC,9.74 ,0.15 ,6.07 ,7.56 ,54.16 ,18.00 ,0.56 ,P,150 ,2.9971 
H,600 ,0.5 ,MC,9.74 ,0.15 ,6.07 ,7.56 ,54.16 ,18.00 ,0.56 ,P,250 ,3.0214 
H,600 ,0.5 ,MC,9.74 ,0.15 ,6.07 ,7.56 ,54.16 ,18.00 ,0.56 ,P,350 ,3.8499 
H,600 ,0.5 ,MC,9.74 ,0.15 ,6.07 ,7.56 ,54.16 ,18.00 ,0.56 ,P,450 ,4.5565 
H,600 ,0.5 ,MC,9.74 ,0.15 ,6.07 ,7.56 ,54.16 ,18.00 ,0.56 ,P,550 ,5.1170 
H,600 ,0.5 ,MC,9.74 ,0.15 ,6.07 ,7.56 ,54.16 ,18.00 ,0.56 ,P,650 ,5.1535 
H,600 ,0.5 ,MC,9.74 ,0.15 ,6.07 ,7.56 ,54.16 ,18.00 ,0.56 ,P,750 ,5.2632 
A,600 ,1.0 ,MC,6.61 ,113.50 ,150.00 ,5.93 ,20.00 ,9.80 ,0.01 ,P,80 ,7.1706 
A,600 ,1.0 ,MC,6.61 ,113.50 ,150.00 ,5.93 ,20.00 ,9.80 ,0.01 ,P,160 ,7.7965 
A,600 ,1.0 ,MC,6.61 ,113.50 ,150.00 ,5.93 ,20.00 ,9.80 ,0.01 ,P,240 ,8.8135 
A,600 ,1.0 ,MC,6.61 ,113.50 ,150.00 ,5.93 ,20.00 ,9.80 ,0.01 ,P,320 ,9.8304 
A,600 ,1.0 ,MC,6.61 ,113.50 ,150.00 ,5.93 ,20.00 ,9.80 ,0.01 ,P,400 ,11.0430 
A,600 ,1.0 ,MC,6.61 ,113.50 ,150.00 ,5.93 ,20.00 ,9.80 ,0.01 ,P,480 ,12.2556 
A,600 ,1.0 ,MC,6.61 ,113.50 ,150.00 ,5.93 ,20.00 ,9.80 ,0.01 ,P,560 ,13.3899 
A,600 ,1.0 ,MC,6.61 ,113.50 ,150.00 ,5.93 ,20.00 ,9.80 ,0.01 ,P,640 ,15.6195 
A,600 ,1.0 ,MC,6.61 ,113.50 ,150.00 ,5.93 ,20.00 ,9.80 ,0.01 ,P,720 ,17.8099 
A,600 ,1.0 ,MC,6.61 ,113.50 ,150.00 ,5.93 ,20.00 ,9.80 ,0.01 ,P,800 ,20.0786 
A,600 ,1.0 ,MC,6.61 ,113.50 ,150.00 ,5.93 ,20.00 ,9.80 ,0.01 ,P,880 ,22.5428 
H,600 ,1.0 ,MC,6.32 ,113.50 ,150.00 ,5.93 ,20.00 ,9.80 ,0.01 ,P,80 ,6.9750 
H,600 ,1.0 ,MC,6.32 ,113.50 ,150.00 ,5.93 ,20.00 ,9.80 ,0.01 ,P,160 ,7.6400 
H,600 ,1.0 ,MC,6.32 ,113.50 ,150.00 ,5.93 ,20.00 ,9.80 ,0.01 ,P,240 ,8.5396 
H,600 ,1.0 ,MC,6.32 ,113.50 ,150.00 ,5.93 ,20.00 ,9.80 ,0.01 ,P,320 ,9.4393 
H,600 ,1.0 ,MC,6.32 ,113.50 ,150.00 ,5.93 ,20.00 ,9.80 ,0.01 ,P,400 ,10.4954 
H,600 ,1.0 ,MC,6.32 ,113.50 ,150.00 ,5.93 ,20.00 ,9.80 ,0.01 ,P,480 ,11.1995 
H,600 ,1.0 ,MC,6.32 ,113.50 ,150.00 ,5.93 ,20.00 ,9.80 ,0.01 ,P,560 ,12.2165 
H,600 ,1.0 ,MC,6.32 ,113.50 ,150.00 ,5.93 ,20.00 ,9.80 ,0.01 ,P,640 ,14.0158 
H,600 ,1.0 ,MC,6.32 ,113.50 ,150.00 ,5.93 ,20.00 ,9.80 ,0.01 ,P,720 ,15.8150 
H,600 ,1.0 ,MC,6.32 ,113.50 ,150.00 ,5.93 ,20.00 ,9.80 ,0.01 ,P,800 ,17.6534 
H,600 ,1.0 ,MC,6.32 ,113.50 ,150.00 ,5.93 ,20.00 ,9.80 ,0.01 ,P,880 ,19.5701 
F,600 ,1.0 ,MC,5.94 ,113.50 ,250.00 ,5.93 ,20.00 ,9.80 ,0.01 ,P,80 ,7.0924 
F,600 ,1.0 ,MC,5.94 ,113.50 ,250.00 ,5.93 ,20.00 ,9.80 ,0.01 ,P,160 ,7.7965 
F,600 ,1.0 ,MC,5.94 ,113.50 ,250.00 ,5.93 ,20.00 ,9.80 ,0.01 ,P,240 ,8.7743 
F,600 ,1.0 ,MC,5.94 ,113.50 ,250.00 ,5.93 ,20.00 ,9.80 ,0.01 ,P,320 ,9.6740 
F,600 ,1.0 ,MC,5.94 ,113.50 ,250.00 ,5.93 ,20.00 ,9.80 ,0.01 ,P,400 ,10.7692 
F,600 ,1.0 ,MC,5.94 ,113.50 ,250.00 ,5.93 ,20.00 ,9.80 ,0.01 ,P,480 ,11.7862 
F,600 ,1.0 ,MC,5.94 ,113.50 ,250.00 ,5.93 ,20.00 ,9.80 ,0.01 ,P,560 ,12.9988 
F,600 ,1.0 ,MC,5.94 ,113.50 ,250.00 ,5.93 ,20.00 ,9.80 ,0.01 ,P,640 ,15.1110 
F,600 ,1.0 ,MC,5.94 ,113.50 ,250.00 ,5.93 ,20.00 ,9.80 ,0.01 ,P,720 ,17.1841 
F,600 ,1.0 ,MC,5.94 ,113.50 ,250.00 ,5.93 ,20.00 ,9.80 ,0.01 ,P,800 ,19.3745 
F,600 ,1.0 ,MC,5.94 ,113.50 ,250.00 ,5.93 ,20.00 ,9.80 ,0.01 ,P,880 ,21.5650 
H,600 ,1.0 ,MC,6.08 ,113.50 ,150.00 ,5.93 ,20.00 ,9.80 ,0.01 ,P,80 ,7.0924 
H,600 ,1.0 ,MC,6.08 ,113.50 ,150.00 ,5.93 ,20.00 ,9.80 ,0.01 ,P,160 ,7.8356 
H,600 ,1.0 ,MC,6.08 ,113.50 ,150.00 ,5.93 ,20.00 ,9.80 ,0.01 ,P,240 ,8.8135 
H,600 ,1.0 ,MC,6.08 ,113.50 ,150.00 ,5.93 ,20.00 ,9.80 ,0.01 ,P,320 ,9.7131 
H,600 ,1.0 ,MC,6.08 ,113.50 ,150.00 ,5.93 ,20.00 ,9.80 ,0.01 ,P,400 ,10.6910 
H,600 ,1.0 ,MC,6.08 ,113.50 ,150.00 ,5.93 ,20.00 ,9.80 ,0.01 ,P,480 ,11.5515 
H,600 ,1.0 ,MC,6.08 ,113.50 ,150.00 ,5.93 ,20.00 ,9.80 ,0.01 ,P,560 ,12.6076 
H,600 ,1.0 ,MC,6.08 ,113.50 ,150.00 ,5.93 ,20.00 ,9.80 ,0.01 ,P,640 ,14.5634 
H,600 ,1.0 ,MC,6.08 ,113.50 ,150.00 ,5.93 ,20.00 ,9.80 ,0.01 ,P,720 ,16.5582 
H,600 ,1.0 ,MC,6.08 ,113.50 ,150.00 ,5.93 ,20.00 ,9.80 ,0.01 ,P,800 ,18.4357 
H,600 ,1.0 ,MC,6.08 ,113.50 ,150.00 ,5.93 ,20.00 ,9.80 ,0.01 ,P,880 ,20.5088 
A,450 ,2.0 ,MC,10.97 ,15.28 ,49.00 ,8.08 ,5.53 ,6.58 ,7.06 ,P,100 ,0.0143 
A,450 ,2.0 ,MC,10.97 ,15.28 ,49.00 ,8.08 ,5.53 ,6.58 ,7.06 ,P,200 ,0.0591 
A,450 ,2.0 ,MC,10.97 ,15.28 ,49.00 ,8.08 ,5.53 ,6.58 ,7.06 ,P,300 ,0.0945 
A,450 ,2.0 ,MC,10.97 ,15.28 ,49.00 ,8.08 ,5.53 ,6.58 ,7.06 ,P,400 ,0.2558 
A,450 ,2.0 ,MC,10.97 ,15.28 ,49.00 ,8.08 ,5.53 ,6.58 ,7.06 ,P,500 ,0.3745 
A,450 ,2.0 ,MC,10.97 ,15.28 ,49.00 ,8.08 ,5.53 ,6.58 ,7.06 ,P,600 ,0.5808 
A,450 ,2.0 ,MC,10.97 ,15.28 ,49.00 ,8.08 ,5.53 ,6.58 ,7.06 ,P,700 ,0.8541 
F,550 ,2.0 ,CO,6.50 ,0.53 ,150.00 ,6.33 ,18.10 ,16.00 ,0.47 ,P,100 ,0.0002 
F,550 ,2.0 ,CO,6.50 ,0.53 ,150.00 ,6.33 ,18.10 ,16.00 ,0.47 ,P,200 ,0.0003 
F,550 ,2.0 ,CO,6.50 ,0.53 ,150.00 ,6.33 ,18.10 ,16.00 ,0.47 ,P,300 ,0.0005 
F,550 ,2.0 ,CO,6.50 ,0.53 ,150.00 ,6.33 ,18.10 ,16.00 ,0.47 ,P,400 ,0.0005 
F,550 ,2.0 ,CO,6.50 ,0.53 ,150.00 ,6.33 ,18.10 ,16.00 ,0.47 ,P,500 ,0.0006 
F,550 ,2.0 ,CO,6.50 ,0.53 ,150.00 ,6.33 ,18.10 ,16.00 ,0.47 ,P,600 ,0.0010 
F,550 ,2.0 ,CO,6.50 ,0.53 ,150.00 ,6.33 ,18.10 ,16.00 ,0.47 ,P,700 ,0.0012 
F,550 ,2.0 ,CO,6.50 ,0.53 ,150.00 ,6.33 ,18.10 ,16.00 ,0.47 ,P,800 ,0.0013 
F,550 ,2.0 ,CO,6.50 ,0.53 ,150.00 ,6.33 ,18.10 ,16.00 ,0.47 ,P,900 ,0.0014 
F,550 ,2.0 ,CO,6.50 ,0.53 ,150.00 ,6.33 ,18.10 ,16.00 ,0.47 ,P,1000 ,0.0015 
F,550 ,2.0 ,CO,6.80 ,0.50 ,120.00 ,6.33 ,18.10 ,18.00 ,0.47 ,P,100 ,0.0179 
F,550 ,2.0 ,CO,6.80 ,0.50 ,120.00 ,6.33 ,18.10 ,18.00 ,0.47 ,P,200 ,0.0340 
F,550 ,2.0 ,CO,6.80 ,0.50 ,120.00 ,6.33 ,18.10 ,18.00 ,0.47 ,P,300 ,0.0449 
F,550 ,2.0 ,CO,6.80 ,0.50 ,120.00 ,6.33 ,18.10 ,18.00 ,0.47 ,P,400 ,0.0512 
F,550 ,2.0 ,CO,6.80 ,0.50 ,120.00 ,6.33 ,18.10 ,18.00 ,0.47 ,P,500 ,0.0635 
F,550 ,2.0 ,CO,6.80 ,0.50 ,120.00 ,6.33 ,18.10 ,18.00 ,0.47 ,P,600 ,0.1002 
F,550 ,2.0 ,CO,6.80 ,0.50 ,120.00 ,6.33 ,18.10 ,18.00 ,0.47 ,P,700 ,0.1200 
F,550 ,2.0 ,CO,6.80 ,0.50 ,120.00 ,6.33 ,18.10 ,18.00 ,0.47 ,P,800 ,0.1286 
F,550 ,2.0 ,CO,6.80 ,0.50 ,120.00 ,6.33 ,18.10 ,18.00 ,0.47 ,P,900 ,0.1367 
F,550 ,2.0 ,CO,6.80 ,0.50 ,120.00 ,6.33 ,18.10 ,18.00 ,0.47 ,P,1000 ,0.1405 
F,550 ,2.0 ,CO,6.50 ,0.63 ,80.00 ,6.33 ,18.10 ,16.00 ,0.47 ,P,100 ,0.0228 
F,550 ,2.0 ,CO,6.50 ,0.63 ,80.00 ,6.33 ,18.10 ,16.00 ,0.47 ,P,200 ,0.0344 
F,550 ,2.0 ,CO,6.50 ,0.63 ,80.00 ,6.33 ,18.10 ,16.00 ,0.47 ,P,300 ,0.0460 
F,550 ,2.0 ,CO,6.50 ,0.63 ,80.00 ,6.33 ,18.10 ,16.00 ,0.47 ,P,400 ,0.0523 
F,550 ,2.0 ,CO,6.50 ,0.63 ,80.00 ,6.33 ,18.10 ,16.00 ,0.47 ,P,500 ,0.0613 
F,550 ,2.0 ,CO,6.50 ,0.63 ,80.00 ,6.33 ,18.10 ,16.00 ,0.47 ,P,600 ,0.1061 
F,550 ,2.0 ,CO,6.50 ,0.63 ,80.00 ,6.33 ,18.10 ,16.00 ,0.47 ,P,700 ,0.1262 
F,550 ,2.0 ,CO,6.50 ,0.63 ,80.00 ,6.33 ,18.10 ,16.00 ,0.47 ,P,800 ,0.1332 
F,550 ,2.0 ,CO,6.50 ,0.63 ,80.00 ,6.33 ,18.10 ,16.00 ,0.47 ,P,900 ,0.1417 
F,550 ,2.0 ,CO,6.50 ,0.63 ,80.00 ,6.33 ,18.10 ,16.00 ,0.47 ,P,1000 ,0.1490 
F,550 ,2.0 ,MC,7.20 ,0.00 ,280.00 ,6.33 ,18.10 ,17.00 ,0.47 ,P,100 ,0.0176 
F,550 ,2.0 ,MC,7.20 ,0.00 ,280.00 ,6.33 ,18.10 ,17.00 ,0.47 ,P,200 ,0.0337 
F,550 ,2.0 ,MC,7.20 ,0.00 ,280.00 ,6.33 ,18.10 ,17.00 ,0.47 ,P,300 ,0.0432 
F,550 ,2.0 ,MC,7.20 ,0.00 ,280.00 ,6.33 ,18.10 ,17.00 ,0.47 ,P,400 ,0.0499 
F,550 ,2.0 ,MC,7.20 ,0.00 ,280.00 ,6.33 ,18.10 ,17.00 ,0.47 ,P,500 ,0.0562 
F,550 ,2.0 ,MC,7.20 ,0.00 ,280.00 ,6.33 ,18.10 ,17.00 ,0.47 ,P,600 ,0.0637 
F,550 ,2.0 ,MC,7.20 ,0.00 ,280.00 ,6.33 ,18.10 ,17.00 ,0.47 ,P,700 ,0.0680 
F,550 ,2.0 ,MC,7.20 ,0.00 ,280.00 ,6.33 ,18.10 ,17.00 ,0.47 ,P,800 ,0.0728 
F,550 ,2.0 ,MC,7.20 ,0.00 ,280.00 ,6.33 ,18.10 ,17.00 ,0.47 ,P,900 ,0.0740 
F,550 ,2.0 ,MC,7.20 ,0.00 ,280.00 ,6.33 ,18.10 ,17.00 ,0.47 ,P,1000 ,0.0755 
A,600 ,2.0 ,MC,7.55 ,98.60 ,162.50 ,6.67 ,15.00 ,12.00 ,0.75 ,P,100 ,0.3432 
A,600 ,2.0 ,MC,7.55 ,98.60 ,162.50 ,6.67 ,15.00 ,12.00 ,0.75 ,P,200 ,0.7323 
A,600 ,2.0 ,MC,7.55 ,98.60 ,162.50 ,6.67 ,15.00 ,12.00 ,0.75 ,P,300 ,1.6476 
A,600 ,2.0 ,MC,7.55 ,98.60 ,162.50 ,6.67 ,15.00 ,12.00 ,0.75 ,P,400 ,2.3799 
A,600 ,2.0 ,MC,7.55 ,98.60 ,162.50 ,6.67 ,15.00 ,12.00 ,0.75 ,P,500 ,6.4073 
A,600 ,2.0 ,MC,7.55 ,98.60 ,162.50 ,6.67 ,15.00 ,12.00 ,0.75 ,P,600 ,9.8169 
A,600 ,2.0 ,MC,7.55 ,98.60 ,162.50 ,6.67 ,15.00 ,12.00 ,0.75 ,P,700 ,13.3410 
A,600 ,1.0 ,MC,7.01 ,9.50 ,220.00 ,5.83 ,18.52 ,15.00 ,0.10 ,P,10 ,0.6080 
A,600 ,1.0 ,MC,7.01 ,9.50 ,220.00 ,5.83 ,18.52 ,15.00 ,0.10 ,P,20 ,0.6656 
A,600 ,1.0 ,MC,7.01 ,9.50 ,220.00 ,5.83 ,18.52 ,15.00 ,0.10 ,P,30 ,0.7360 
A,600 ,1.0 ,MC,7.01 ,9.50 ,220.00 ,5.83 ,18.52 ,15.00 ,0.10 ,P,40 ,0.7936 
A,600 ,1.0 ,MC,7.01 ,9.50 ,220.00 ,5.83 ,18.52 ,15.00 ,0.10 ,P,50 ,0.8704 
A,600 ,1.0 ,MC,7.01 ,9.50 ,220.00 ,5.83 ,18.52 ,15.00 ,0.10 ,P,60 ,0.9600 
A,600 ,1.0 ,MC,7.01 ,9.50 ,220.00 ,5.83 ,18.52 ,15.00 ,0.10 ,P,70 ,1.0432 
A,600 ,1.0 ,MC,7.01 ,9.50 ,220.00 ,5.83 ,18.52 ,15.00 ,0.10 ,P,80 ,1.1328 
A,300 ,0.5 ,MC,8.75 ,0.32 ,3.93 ,7.56 ,54.16 ,18.00 ,75.81 ,K,150 ,6.5243 
A,300 ,0.5 ,MC,8.75 ,0.32 ,3.93 ,7.56 ,54.16 ,18.00 ,75.81 ,K,250 ,10.4588 
A,300 ,0.5 ,MC,8.75 ,0.32 ,3.93 ,7.56 ,54.16 ,18.00 ,75.81 ,K,350 ,15.0905 
A,300 ,0.5 ,MC,8.75 ,0.32 ,3.93 ,7.56 ,54.16 ,18.00 ,75.81 ,K,450 ,18.8756 
A,300 ,0.5 ,MC,8.75 ,0.32 ,3.93 ,7.56 ,54.16 ,18.00 ,75.81 ,K,550 ,21.9136 
A,300 ,0.5 ,MC,8.75 ,0.32 ,3.93 ,7.56 ,54.16 ,18.00 ,75.81 ,K,650 ,25.3003 
A,300 ,0.5 ,MC,8.75 ,0.32 ,3.93 ,7.56 ,54.16 ,18.00 ,75.81 ,K,750 ,29.8822 
A,300 ,0.5 ,MC,8.75 ,0.32 ,3.93 ,7.56 ,54.16 ,18.00 ,75.81 ,K,150 ,4.5321 
A,300 ,0.5 ,MC,8.75 ,0.32 ,3.93 ,7.56 ,54.16 ,18.00 ,75.81 ,K,250 ,8.0682 
A,300 ,0.5 ,MC,8.75 ,0.32 ,3.93 ,7.56 ,54.16 ,18.00 ,75.81 ,K,350 ,10.2596 
A,300 ,0.5 ,MC,8.75 ,0.32 ,3.93 ,7.56 ,54.16 ,18.00 ,75.81 ,K,450 ,13.3972 
A,300 ,0.5 ,MC,8.75 ,0.32 ,3.93 ,7.56 ,54.16 ,18.00 ,75.81 ,K,550 ,17.0329 
A,300 ,0.5 ,MC,8.75 ,0.32 ,3.93 ,7.56 ,54.16 ,18.00 ,75.81 ,K,650 ,19.9713 
A,300 ,0.5 ,MC,8.75 ,0.32 ,3.93 ,7.56 ,54.16 ,18.00 ,75.81 ,K,750 ,24.7525 
A,300 ,0.5 ,MC,8.75 ,0.32 ,3.93 ,7.56 ,54.16 ,18.00 ,75.81 ,K,150 ,7.0721 
A,300 ,0.5 ,MC,8.75 ,0.32 ,3.93 ,7.56 ,54.16 ,18.00 ,75.81 ,K,250 ,11.5047 
A,300 ,0.5 ,MC,8.75 ,0.32 ,3.93 ,7.56 ,54.16 ,18.00 ,75.81 ,K,350 ,15.4392 
A,300 ,0.5 ,MC,8.75 ,0.32 ,3.93 ,7.56 ,54.16 ,18.00 ,75.81 ,K,450 ,20.4195 
A,300 ,0.5 ,MC,8.75 ,0.32 ,3.93 ,7.56 ,54.16 ,18.00 ,75.81 ,K,550 ,24.1548 
A,300 ,0.5 ,MC,8.75 ,0.32 ,3.93 ,7.56 ,54.16 ,18.00 ,75.81 ,K,650 ,28.5375 
A,300 ,0.5 ,MC,8.75 ,0.32 ,3.93 ,7.56 ,54.16 ,18.00 ,75.81 ,K,750 ,35.4104 
A,300 ,0.5 ,MC,8.75 ,0.32 ,3.93 ,7.56 ,54.16 ,18.00 ,75.81 ,K,150 ,9.3133 
A,300 ,0.5 ,MC,8.75 ,0.32 ,3.93 ,7.56 ,54.16 ,18.00 ,75.81 ,K,250 ,13.8952 
A,300 ,0.5 ,MC,8.75 ,0.32 ,3.93 ,7.56 ,54.16 ,18.00 ,75.81 ,K,350 ,18.0289 
A,300 ,0.5 ,MC,8.75 ,0.32 ,3.93 ,7.56 ,54.16 ,18.00 ,75.81 ,K,450 ,23.2583 
A,300 ,0.5 ,MC,8.75 ,0.32 ,3.93 ,7.56 ,54.16 ,18.00 ,75.81 ,K,550 ,28.8862 
A,300 ,0.5 ,MC,8.75 ,0.32 ,3.93 ,7.56 ,54.16 ,18.00 ,75.81 ,K,650 ,33.6175 
A,300 ,0.5 ,MC,8.75 ,0.32 ,3.93 ,7.56 ,54.16 ,18.00 ,75.81 ,K,750 ,38.3489 
H,600 ,0.5 ,MC,9.74 ,0.33 ,6.07 ,7.56 ,54.16 ,18.00 ,75.81 ,K,150 ,6.5243 
H,600 ,0.5 ,MC,9.74 ,0.33 ,6.07 ,7.56 ,54.16 ,18.00 ,75.81 ,K,250 ,10.4588 
H,600 ,0.5 ,MC,9.74 ,0.33 ,6.07 ,7.56 ,54.16 ,18.00 ,75.81 ,K,350 ,15.0905 
H,600 ,0.5 ,MC,9.74 ,0.33 ,6.07 ,7.56 ,54.16 ,18.00 ,75.81 ,K,450 ,18.8756 
H,600 ,0.5 ,MC,9.74 ,0.33 ,6.07 ,7.56 ,54.16 ,18.00 ,75.81 ,K,550 ,21.9136 
H,600 ,0.5 ,MC,9.74 ,0.33 ,6.07 ,7.56 ,54.16 ,18.00 ,75.81 ,K,650 ,25.3003 
H,600 ,0.5 ,MC,9.74 ,0.33 ,6.07 ,7.56 ,54.16 ,18.00 ,75.81 ,K,750 ,29.8822 
H,600 ,0.5 ,MC,9.74 ,0.33 ,6.07 ,7.56 ,54.16 ,18.00 ,75.81 ,K,150 ,7.0721 
H,600 ,0.5 ,MC,9.74 ,0.33 ,6.07 ,7.56 ,54.16 ,18.00 ,75.81 ,K,250 ,10.1600 
H,600 ,0.5 ,MC,9.74 ,0.33 ,6.07 ,7.56 ,54.16 ,18.00 ,75.81 ,K,350 ,13.8952 
H,600 ,0.5 ,MC,9.74 ,0.33 ,6.07 ,7.56 ,54.16 ,18.00 ,75.81 ,K,450 ,16.0866 
H,600 ,0.5 ,MC,9.74 ,0.33 ,6.07 ,7.56 ,54.16 ,18.00 ,75.81 ,K,550 ,18.6764 
H,600 ,0.5 ,MC,9.74 ,0.33 ,6.07 ,7.56 ,54.16 ,18.00 ,75.81 ,K,650 ,20.3199 
H,600 ,0.5 ,MC,9.74 ,0.33 ,6.07 ,7.56 ,54.16 ,18.00 ,75.81 ,K,750 ,24.0054 
H,600 ,0.5 ,MC,9.74 ,0.33 ,6.07 ,7.56 ,54.16 ,18.00 ,75.81 ,K,150 ,6.3749 
H,600 ,0.5 ,MC,9.74 ,0.33 ,6.07 ,7.56 ,54.16 ,18.00 ,75.81 ,K,250 ,9.6121 
H,600 ,0.5 ,MC,9.74 ,0.33 ,6.07 ,7.56 ,54.16 ,18.00 ,75.81 ,K,350 ,12.6999 
H,600 ,0.5 ,MC,9.74 ,0.33 ,6.07 ,7.56 ,54.16 ,18.00 ,75.81 ,K,450 ,15.4890 
H,600 ,0.5 ,MC,9.74 ,0.33 ,6.07 ,7.56 ,54.16 ,18.00 ,75.81 ,K,550 ,19.1744 
H,600 ,0.5 ,MC,9.74 ,0.33 ,6.07 ,7.56 ,54.16 ,18.00 ,75.81 ,K,650 ,22.6109 
H,600 ,0.5 ,MC,9.74 ,0.33 ,6.07 ,7.56 ,54.16 ,18.00 ,75.81 ,K,750 ,27.9399 
H,600 ,0.5 ,MC,9.74 ,0.33 ,6.07 ,7.56 ,54.16 ,18.00 ,75.81 ,K,150 ,8.3172 
H,600 ,0.5 ,MC,9.74 ,0.33 ,6.07 ,7.56 ,54.16 ,18.00 ,75.81 ,K,250 ,12.1521 
H,600 ,0.5 ,MC,9.74 ,0.33 ,6.07 ,7.56 ,54.16 ,18.00 ,75.81 ,K,350 ,15.1403 
H,600 ,0.5 ,MC,9.74 ,0.33 ,6.07 ,7.56 ,54.16 ,18.00 ,75.81 ,K,450 ,18.1286 
H,600 ,0.5 ,MC,9.74 ,0.33 ,6.07 ,7.56 ,54.16 ,18.00 ,75.81 ,K,550 ,22.4117 
H,600 ,0.5 ,MC,9.74 ,0.33 ,6.07 ,7.56 ,54.16 ,18.00 ,75.81 ,K,650 ,25.5991 
H,600 ,0.5 ,MC,9.74 ,0.33 ,6.07 ,7.56 ,54.16 ,18.00 ,75.81 ,K,750 ,28.8862 
A,600 ,1.0 ,MC,6.61 ,216.00 ,150.00 ,5.93 ,20.00 ,9.80 ,62.40 ,K,80 ,5.9928 
A,600 ,1.0 ,MC,6.61 ,216.00 ,150.00 ,5.93 ,20.00 ,9.80 ,62.40 ,K,160 ,13.1204 
A,600 ,1.0 ,MC,6.61 ,216.00 ,150.00 ,5.93 ,20.00 ,9.80 ,62.40 ,K,240 ,22.0960 
A,600 ,1.0 ,MC,6.61 ,216.00 ,150.00 ,5.93 ,20.00 ,9.80 ,62.40 ,K,320 ,29.2237 
A,600 ,1.0 ,MC,6.61 ,216.00 ,150.00 ,5.93 ,20.00 ,9.80 ,62.40 ,K,400 ,36.6153 
A,600 ,1.0 ,MC,6.61 ,216.00 ,150.00 ,5.93 ,20.00 ,9.80 ,62.40 ,K,480 ,43.7430 
A,600 ,1.0 ,MC,6.61 ,216.00 ,150.00 ,5.93 ,20.00 ,9.80 ,62.40 ,K,560 ,50.8706 
A,600 ,1.0 ,MC,6.61 ,216.00 ,150.00 ,5.93 ,20.00 ,9.80 ,62.40 ,K,640 ,66.1819 
A,600 ,1.0 ,MC,6.61 ,216.00 ,150.00 ,5.93 ,20.00 ,9.80 ,62.40 ,K,720 ,80.4372 
A,600 ,1.0 ,MC,6.61 ,216.00 ,150.00 ,5.93 ,20.00 ,9.80 ,62.40 ,K,800 ,95.4845 
A,600 ,1.0 ,MC,6.61 ,216.00 ,150.00 ,5.93 ,20.00 ,9.80 ,62.40 ,K,880 ,100.0000 
H,600 ,1.0 ,MC,6.32 ,216.00 ,150.00 ,5.93 ,20.00 ,9.80 ,62.40 ,K,80 ,2.8249 
H,600 ,1.0 ,MC,6.32 ,216.00 ,150.00 ,5.93 ,20.00 ,9.80 ,62.40 ,K,160 ,8.6327 
H,600 ,1.0 ,MC,6.32 ,216.00 ,150.00 ,5.93 ,20.00 ,9.80 ,62.40 ,K,240 ,19.4561 
H,600 ,1.0 ,MC,6.32 ,216.00 ,150.00 ,5.93 ,20.00 ,9.80 ,62.40 ,K,320 ,25.5278 
H,600 ,1.0 ,MC,6.32 ,216.00 ,150.00 ,5.93 ,20.00 ,9.80 ,62.40 ,K,400 ,33.4475 
H,600 ,1.0 ,MC,6.32 ,216.00 ,150.00 ,5.93 ,20.00 ,9.80 ,62.40 ,K,480 ,40.3111 
H,600 ,1.0 ,MC,6.32 ,216.00 ,150.00 ,5.93 ,20.00 ,9.80 ,62.40 ,K,560 ,48.2308 
H,600 ,1.0 ,MC,6.32 ,216.00 ,150.00 ,5.93 ,20.00 ,9.80 ,62.40 ,K,640 ,62.4861 
H,600 ,1.0 ,MC,6.32 ,216.00 ,150.00 ,5.93 ,20.00 ,9.80 ,62.40 ,K,720 ,76.7414 
H,600 ,1.0 ,MC,6.32 ,216.00 ,150.00 ,5.93 ,20.00 ,9.80 ,62.40 ,K,800 ,90.9967 
H,600 ,1.0 ,MC,6.32 ,216.00 ,150.00 ,5.93 ,20.00 ,9.80 ,62.40 ,K,880 ,100.0000 
F,600 ,1.0 ,MC,5.94 ,216.00 ,250.00 ,5.93 ,20.00 ,9.80 ,62.40 ,K,80 ,1.2410 
F,600 ,1.0 ,MC,5.94 ,216.00 ,250.00 ,5.93 ,20.00 ,9.80 ,62.40 ,K,160 ,6.5208 
F,600 ,1.0 ,MC,5.94 ,216.00 ,250.00 ,5.93 ,20.00 ,9.80 ,62.40 ,K,240 ,12.8565 
F,600 ,1.0 ,MC,5.94 ,216.00 ,250.00 ,5.93 ,20.00 ,9.80 ,62.40 ,K,320 ,19.7201 
F,600 ,1.0 ,MC,5.94 ,216.00 ,250.00 ,5.93 ,20.00 ,9.80 ,62.40 ,K,400 ,27.6397 
F,600 ,1.0 ,MC,5.94 ,216.00 ,250.00 ,5.93 ,20.00 ,9.80 ,62.40 ,K,480 ,33.9754 
F,600 ,1.0 ,MC,5.94 ,216.00 ,250.00 ,5.93 ,20.00 ,9.80 ,62.40 ,K,560 ,41.6311 
F,600 ,1.0 ,MC,5.94 ,216.00 ,250.00 ,5.93 ,20.00 ,9.80 ,62.40 ,K,640 ,56.4144 
F,600 ,1.0 ,MC,5.94 ,216.00 ,250.00 ,5.93 ,20.00 ,9.80 ,62.40 ,K,720 ,70.4057 
F,600 ,1.0 ,MC,5.94 ,216.00 ,250.00 ,5.93 ,20.00 ,9.80 ,62.40 ,K,800 ,84.6610 
F,600 ,1.0 ,MC,5.94 ,216.00 ,250.00 ,5.93 ,20.00 ,9.80 ,62.40 ,K,880 ,99.9723 
H,600 ,1.0 ,MC,6.08 ,216.00 ,150.00 ,5.93 ,20.00 ,9.80 ,62.40 ,K,80 ,2.0330 
H,600 ,1.0 ,MC,6.08 ,216.00 ,150.00 ,5.93 ,20.00 ,9.80 ,62.40 ,K,160 ,8.6327 
H,600 ,1.0 ,MC,6.08 ,216.00 ,150.00 ,5.93 ,20.00 ,9.80 ,62.40 ,K,240 ,16.0243 
H,600 ,1.0 ,MC,6.08 ,216.00 ,150.00 ,5.93 ,20.00 ,9.80 ,62.40 ,K,320 ,22.8880 
H,600 ,1.0 ,MC,6.08 ,216.00 ,150.00 ,5.93 ,20.00 ,9.80 ,62.40 ,K,400 ,30.2796 
H,600 ,1.0 ,MC,6.08 ,216.00 ,150.00 ,5.93 ,20.00 ,9.80 ,62.40 ,K,480 ,37.1433 
H,600 ,1.0 ,MC,6.08 ,216.00 ,150.00 ,5.93 ,20.00 ,9.80 ,62.40 ,K,560 ,45.0629 
H,600 ,1.0 ,MC,6.08 ,216.00 ,150.00 ,5.93 ,20.00 ,9.80 ,62.40 ,K,640 ,59.3182 
H,600 ,1.0 ,MC,6.08 ,216.00 ,150.00 ,5.93 ,20.00 ,9.80 ,62.40 ,K,720 ,73.0456 
H,600 ,1.0 ,MC,6.08 ,216.00 ,150.00 ,5.93 ,20.00 ,9.80 ,62.40 ,K,800 ,87.8289 
H,600 ,1.0 ,MC,6.08 ,216.00 ,150.00 ,5.93 ,20.00 ,9.80 ,62.40 ,K,880 ,100.0000 
I,800 ,2.0 ,MC,9.50 ,232.00 ,0.92 ,8.63 ,18.00 ,3.32 ,25.00 ,K,43 ,63.3602 
I,800 ,2.0 ,MC,9.50 ,232.00 ,0.92 ,8.63 ,18.00 ,3.32 ,25.00 ,K,86 ,71.9316 
I,800 ,2.0 ,MC,9.50 ,232.00 ,0.92 ,8.63 ,18.00 ,3.32 ,25.00 ,K,130 ,76.9416 
I,800 ,2.0 ,MC,9.50 ,232.00 ,0.92 ,8.63 ,18.00 ,3.32 ,25.00 ,K,173 ,79.7787 
I,800 ,2.0 ,MC,9.50 ,232.00 ,0.92 ,8.63 ,18.00 ,3.32 ,25.00 ,K,216 ,81.6499 
I,800 ,2.0 ,MC,9.50 ,232.00 ,0.92 ,8.63 ,18.00 ,3.32 ,25.00 ,K,259 ,83.2193 
I,800 ,2.0 ,MC,9.50 ,232.00 ,0.92 ,8.63 ,18.00 ,3.32 ,25.00 ,K,302 ,84.3662 
I,800 ,2.0 ,MC,9.50 ,232.00 ,0.92 ,8.63 ,18.00 ,3.32 ,25.00 ,K,346 ,85.4527 
I,800 ,2.0 ,MC,9.50 ,232.00 ,0.92 ,8.63 ,18.00 ,3.32 ,25.00 ,K,389 ,86.3581 
I,800 ,2.0 ,MC,9.50 ,232.00 ,0.92 ,8.63 ,18.00 ,3.32 ,25.00 ,K,432 ,87.2032 
I,800 ,2.0 ,MC,9.50 ,232.00 ,0.92 ,8.63 ,18.00 ,3.32 ,25.00 ,K,475 ,87.9879 
I,800 ,2.0 ,MC,9.50 ,232.00 ,0.92 ,8.63 ,18.00 ,3.32 ,25.00 ,K,518 ,88.8330 
I,800 ,2.0 ,MC,9.50 ,232.00 ,0.92 ,8.63 ,18.00 ,3.32 ,25.00 ,K,562 ,89.4366 
I,800 ,2.0 ,MC,9.50 ,232.00 ,0.92 ,8.63 ,18.00 ,3.32 ,25.00 ,K,605 ,89.9195 
I,800 ,2.0 ,MC,9.50 ,232.00 ,0.92 ,8.63 ,18.00 ,3.32 ,25.00 ,K,648 ,90.4628 
I,800 ,2.0 ,MC,9.50 ,232.00 ,0.92 ,8.63 ,18.00 ,3.32 ,25.00 ,K,691 ,91.1268 
I,800 ,2.0 ,MC,9.50 ,232.00 ,0.92 ,8.63 ,18.00 ,3.32 ,25.00 ,K,734 ,91.4889 
I,800 ,2.0 ,MC,9.50 ,232.00 ,0.92 ,8.63 ,18.00 ,3.32 ,25.00 ,K,778 ,92.0322 
I,800 ,2.0 ,MC,9.50 ,232.00 ,0.92 ,8.63 ,18.00 ,3.32 ,25.00 ,K,821 ,92.5151 
I,800 ,2.0 ,MC,9.50 ,232.00 ,0.92 ,8.63 ,18.00 ,3.32 ,25.00 ,K,864 ,92.9376 
I,800 ,2.0 ,MC,9.50 ,232.00 ,0.92 ,8.63 ,18.00 ,3.32 ,25.00 ,K,907 ,93.3602 
I,800 ,2.0 ,MC,9.50 ,232.00 ,0.92 ,8.63 ,18.00 ,3.32 ,25.00 ,K,950 ,93.7827 
I,800 ,2.0 ,MC,9.50 ,232.00 ,0.92 ,8.63 ,18.00 ,3.32 ,25.00 ,K,994 ,94.1449 
I,800 ,2.0 ,MC,9.50 ,232.00 ,0.92 ,8.63 ,18.00 ,3.32 ,25.00 ,K,1037 ,94.5674 
I,800 ,2.0 ,MC,9.50 ,232.00 ,0.92 ,8.63 ,18.00 ,3.32 ,25.00 ,K,1080 ,94.9296 
I,400 ,2.0 ,MC,9.50 ,232.00 ,0.92 ,8.63 ,18.00 ,3.32 ,25.00 ,K,43 ,47.3642 
I,400 ,2.0 ,MC,9.50 ,232.00 ,0.92 ,8.63 ,18.00 ,3.32 ,25.00 ,K,86 ,56.2374 
I,400 ,2.0 ,MC,9.50 ,232.00 ,0.92 ,8.63 ,18.00 ,3.32 ,25.00 ,K,130 ,62.5151 
I,400 ,2.0 ,MC,9.50 ,232.00 ,0.92 ,8.63 ,18.00 ,3.32 ,25.00 ,K,173 ,65.7746 
I,400 ,2.0 ,MC,9.50 ,232.00 ,0.92 ,8.63 ,18.00 ,3.32 ,25.00 ,K,216 ,67.8873 
I,400 ,2.0 ,MC,9.50 ,232.00 ,0.92 ,8.63 ,18.00 ,3.32 ,25.00 ,K,259 ,69.8189 
I,400 ,2.0 ,MC,9.50 ,232.00 ,0.92 ,8.63 ,18.00 ,3.32 ,25.00 ,K,302 ,71.1469 
I,400 ,2.0 ,MC,9.50 ,232.00 ,0.92 ,8.63 ,18.00 ,3.32 ,25.00 ,K,346 ,72.4145 
I,400 ,2.0 ,MC,9.50 ,232.00 ,0.92 ,8.63 ,18.00 ,3.32 ,25.00 ,K,389 ,73.5614 
I,400 ,2.0 ,MC,9.50 ,232.00 ,0.92 ,8.63 ,18.00 ,3.32 ,25.00 ,K,432 ,74.5272 
I,400 ,2.0 ,MC,9.50 ,232.00 ,0.92 ,8.63 ,18.00 ,3.32 ,25.00 ,K,475 ,75.4930 
I,400 ,2.0 ,MC,9.50 ,232.00 ,0.92 ,8.63 ,18.00 ,3.32 ,25.00 ,K,518 ,76.3380 
I,400 ,2.0 ,MC,9.50 ,232.00 ,0.92 ,8.63 ,18.00 ,3.32 ,25.00 ,K,562 ,77.1227 
I,400 ,2.0 ,MC,9.50 ,232.00 ,0.92 ,8.63 ,18.00 ,3.32 ,25.00 ,K,605 ,77.8471 
I,400 ,2.0 ,MC,9.50 ,232.00 ,0.92 ,8.63 ,18.00 ,3.32 ,25.00 ,K,648 ,78.6922 
I,400 ,2.0 ,MC,9.50 ,232.00 ,0.92 ,8.63 ,18.00 ,3.32 ,25.00 ,K,691 ,79.3561 
I,400 ,2.0 ,MC,9.50 ,232.00 ,0.92 ,8.63 ,18.00 ,3.32 ,25.00 ,K,734 ,80.0201 
I,400 ,2.0 ,MC,9.50 ,232.00 ,0.92 ,8.63 ,18.00 ,3.32 ,25.00 ,K,778 ,80.6841 
I,400 ,2.0 ,MC,9.50 ,232.00 ,0.92 ,8.63 ,18.00 ,3.32 ,25.00 ,K,821 ,81.4085 
I,400 ,2.0 ,MC,9.50 ,232.00 ,0.92 ,8.63 ,18.00 ,3.32 ,25.00 ,K,864 ,81.8913 
I,400 ,2.0 ,MC,9.50 ,232.00 ,0.92 ,8.63 ,18.00 ,3.32 ,25.00 ,K,907 ,82.3742 
I,400 ,2.0 ,MC,9.50 ,232.00 ,0.92 ,8.63 ,18.00 ,3.32 ,25.00 ,K,950 ,83.0382 
I,400 ,2.0 ,MC,9.50 ,232.00 ,0.92 ,8.63 ,18.00 ,3.32 ,25.00 ,K,994 ,83.5211 
I,400 ,2.0 ,MC,9.50 ,232.00 ,0.92 ,8.63 ,18.00 ,3.32 ,25.00 ,K,1037 ,84.0040 
I,400 ,2.0 ,MC,9.50 ,232.00 ,0.92 ,8.63 ,18.00 ,3.32 ,25.00 ,K,1080 ,84.4869 
I,400 ,2.0 ,MC,9.50 ,232.00 ,0.92 ,8.63 ,18.00 ,3.32 ,25.00 ,K,43 ,52.6761 
I,400 ,2.0 ,MC,9.50 ,232.00 ,0.92 ,8.63 ,18.00 ,3.32 ,25.00 ,K,86 ,58.2897 
I,400 ,2.0 ,MC,9.50 ,232.00 ,0.92 ,8.63 ,18.00 ,3.32 ,25.00 ,K,130 ,62.3944 
I,400 ,2.0 ,MC,9.50 ,232.00 ,0.92 ,8.63 ,18.00 ,3.32 ,25.00 ,K,173 ,64.8692 
I,400 ,2.0 ,MC,9.50 ,232.00 ,0.92 ,8.63 ,18.00 ,3.32 ,25.00 ,K,216 ,67.1630 
I,400 ,2.0 ,MC,9.50 ,232.00 ,0.92 ,8.63 ,18.00 ,3.32 ,25.00 ,K,259 ,69.2757 
I,400 ,2.0 ,MC,9.50 ,232.00 ,0.92 ,8.63 ,18.00 ,3.32 ,25.00 ,K,302 ,71.2072 
I,400 ,2.0 ,MC,9.50 ,232.00 ,0.92 ,8.63 ,18.00 ,3.32 ,25.00 ,K,346 ,72.5352 
I,400 ,2.0 ,MC,9.50 ,232.00 ,0.92 ,8.63 ,18.00 ,3.32 ,25.00 ,K,389 ,73.9839 
I,400 ,2.0 ,MC,9.50 ,232.00 ,0.92 ,8.63 ,18.00 ,3.32 ,25.00 ,K,432 ,75.2515 
I,400 ,2.0 ,MC,9.50 ,232.00 ,0.92 ,8.63 ,18.00 ,3.32 ,25.00 ,K,475 ,76.4588 
I,400 ,2.0 ,MC,9.50 ,232.00 ,0.92 ,8.63 ,18.00 ,3.32 ,25.00 ,K,518 ,77.4849 
I,400 ,2.0 ,MC,9.50 ,232.00 ,0.92 ,8.63 ,18.00 ,3.32 ,25.00 ,K,562 ,78.5111 
I,400 ,2.0 ,MC,9.50 ,232.00 ,0.92 ,8.63 ,18.00 ,3.32 ,25.00 ,K,605 ,79.2958 
I,400 ,2.0 ,MC,9.50 ,232.00 ,0.92 ,8.63 ,18.00 ,3.32 ,25.00 ,K,648 ,80.0805 
I,400 ,2.0 ,MC,9.50 ,232.00 ,0.92 ,8.63 ,18.00 ,3.32 ,25.00 ,K,691 ,80.6237 
I,400 ,2.0 ,MC,9.50 ,232.00 ,0.92 ,8.63 ,18.00 ,3.32 ,25.00 ,K,734 ,81.1670 
I,400 ,2.0 ,MC,9.50 ,232.00 ,0.92 ,8.63 ,18.00 ,3.32 ,25.00 ,K,778 ,81.5895 
I,400 ,2.0 ,MC,9.50 ,232.00 ,0.92 ,8.63 ,18.00 ,3.32 ,25.00 ,K,821 ,81.8310 
I,400 ,2.0 ,MC,9.50 ,232.00 ,0.92 ,8.63 ,18.00 ,3.32 ,25.00 ,K,864 ,81.9517 
I,400 ,2.0 ,MC,9.50 ,232.00 ,0.92 ,8.63 ,18.00 ,3.32 ,25.00 ,K,907 ,82.1932 
I,400 ,2.0 ,MC,9.50 ,232.00 ,0.92 ,8.63 ,18.00 ,3.32 ,25.00 ,K,950 ,82.1932 
I,400 ,2.0 ,MC,9.50 ,232.00 ,0.92 ,8.63 ,18.00 ,3.32 ,25.00 ,K,994 ,82.1932 
I,400 ,2.0 ,MC,9.50 ,232.00 ,0.92 ,8.63 ,18.00 ,3.32 ,25.00 ,K,1037 ,82.3139 
I,400 ,2.0 ,MC,9.50 ,232.00 ,0.92 ,8.63 ,18.00 ,3.32 ,25.00 ,K,1080 ,82.3139 
A,450 ,2.0 ,MC,10.97 ,11.49 ,49.00 ,8.08 ,5.53 ,6.58 ,14.35 ,K,100 ,1.1453 
A,450 ,2.0 ,MC,10.97 ,11.49 ,49.00 ,8.08 ,5.53 ,6.58 ,14.35 ,K,200 ,1.5827 
A,450 ,2.0 ,MC,10.97 ,11.49 ,49.00 ,8.08 ,5.53 ,6.58 ,14.35 ,K,300 ,1.8265 
A,450 ,2.0 ,MC,10.97 ,11.49 ,49.00 ,8.08 ,5.53 ,6.58 ,14.35 ,K,400 ,2.2973 
A,450 ,2.0 ,MC,10.97 ,11.49 ,49.00 ,8.08 ,5.53 ,6.58 ,14.35 ,K,500 ,2.6576 
A,450 ,2.0 ,MC,10.97 ,11.49 ,49.00 ,8.08 ,5.53 ,6.58 ,14.35 ,K,600 ,3.0770 
A,450 ,2.0 ,MC,10.97 ,11.49 ,49.00 ,8.08 ,5.53 ,6.58 ,14.35 ,K,700 ,3.1805 
